id,first_name,last_name,email,Sex,Department,Role,Salary,Performance,Satisfaction,Tenure,Age
1,Wyndham,Trathen,wtrathen0@nsw.gov.au,Male,Research and Development,Help Desk Technician,133752,2,5,13,23
2,Brianne,Pagin,bpagin1@blogs.com,Female,Marketing,Senior Developer,257370,1,5,19,52
3,Craig,Lockhart,clockhart2@cmu.edu,Male,Engineering,Legal Assistant,234749,3,2,16,44
4,Lorant,Matiashvili,lmatiashvili3@businessweek.com,Male,Marketing,Automation Specialist I,203443,3,2,11,45
5,Mariya,Truelock,mtruelock4@sbwire.com,Female,Legal,Chemical Engineer,257461,2,2,5,36
6,Juan,de Vaen,jdevaen5@hatena.ne.jp,Male,Sales,Data Coordinator,234090,2,2,1,24
7,Tildi,Hungerford,thungerford6@mashable.com,Female,Human Resources,Structural Analysis Engineer,111038,1,3,3,57
8,Arni,Suffield,asuffield7@princeton.edu,Male,Support,Structural Engineer,258430,5,1,13,58
9,Jessica,Bolingbroke,jbolingbroke8@nature.com,Female,Services,Geologist I,203653,1,3,19,23
10,Ingelbert,Newsham,inewsham9@squidoo.com,Male,Engineering,Accountant II,35239,1,2,16,51
11,Ancell,Lapides,alapidesa@myspace.com,Male,Business Development,Senior Financial Analyst,94677,2,1,17,23
12,Boonie,Siviter,bsiviterb@cnn.com,Male,Business Development,Occupational Therapist,120435,4,5,16,55
13,Marcy,di Rocca,mdiroccac@squidoo.com,Female,Accounting,Geological Engineer,23115,4,5,9,24
14,Norby,Sherman,nshermand@webeden.co.uk,Male,Business Development,Social Worker,192343,5,4,3,33
15,Garrard,Mattiello,gmattielloe@privacy.gov.au,Male,Business Development,Engineer IV,61454,3,3,9,28
16,Skye,Vickors,svickorsf@rambler.ru,Male,Human Resources,Recruiter,261295,5,2,15,54
17,Clem,Winthrop,cwinthropg@twitter.com,Female,Accounting,Executive Secretary,57171,4,4,15,25
18,Teador,Greenly,tgreenlyh@squarespace.com,Male,Engineering,Project Manager,191308,4,2,11,39
19,Shelli,Blakeston,sblakestoni@typepad.com,Female,Legal,Junior Executive,56205,5,1,6,38
20,Hobart,Alstead,halsteadj@arizona.edu,Male,Sales,Electrical Engineer,210397,5,2,9,55
21,Dallas,McLurg,dmclurgk@freewebs.com,Female,Human Resources,Human Resources Manager,51681,2,3,5,47
22,Adiana,Hanniger,ahannigerl@qq.com,Female,Accounting,Senior Developer,161180,1,2,1,38
23,Dagny,Segrott,dsegrottm@illinois.edu,Male,Product Management,Staff Scientist,86062,1,5,10,26
24,Mortie,Hane,mhanen@csmonitor.com,Male,Legal,Nuclear Power Engineer,26009,2,4,4,32
25,Wilie,Bawles,wbawleso@51.la,Female,Research and Development,Software Test Engineer III,39278,1,5,5,32
26,Basia,Bedder,bbedderp@ustream.tv,Female,Human Resources,VP Product Management,115902,5,3,6,24
27,Arlana,Kilcoyne,akilcoyneq@weebly.com,Female,Training,Information Systems Manager,145515,5,5,7,45
28,Ora,Sturgess,osturgessr@blogs.com,Female,Business Development,Media Manager III,27213,5,5,2,42
29,Bradan,Mapletoft,bmapletofts@icq.com,Male,Support,Payment Adjustment Coordinator,226390,3,4,3,31
30,Mel,Test,mtestt@skype.com,Male,Legal,Engineer I,173713,4,1,11,40
31,Shermie,Louthe,sloutheu@reference.com,Male,Support,Assistant Media Planner,178588,5,2,3,56
32,Nixie,Vogele,nvogelev@addtoany.com,Female,Services,VP Marketing,248652,5,4,10,30
33,Lotty,Kits,lkitsw@marriott.com,Female,Sales,VP Quality Control,198555,1,4,5,49
34,Hildy,Grichukhin,hgrichukhinx@google.fr,Female,Human Resources,Senior Editor,229417,1,2,4,39
35,Sutton,Stratley,sstratleyy@smugmug.com,Male,Business Development,Senior Financial Analyst,90748,2,3,14,44
36,Ingar,Orviss,iorvissz@businessweek.com,Male,Engineering,Desktop Support Technician,91539,2,5,19,33
37,Zorana,Roon,zroon10@youku.com,Female,Training,Physical Therapy Assistant,204160,2,4,7,29
38,Ealasaid,Thomasset,ethomasset11@biblegateway.com,Female,Accounting,Assistant Manager,203160,4,1,2,54
39,Gerome,Klees,gklees12@google.cn,Male,Human Resources,Computer Systems Analyst III,190727,2,1,20,39
40,Lauritz,Clemens,lclemens13@clickbank.net,Male,Business Development,Professor,224947,1,1,3,22
41,Fabio,Bowmaker,fbowmaker14@exblog.jp,Male,Services,Desktop Support Technician,272040,4,2,19,54
42,Pat,Rase,prase15@wisc.edu,Male,Research and Development,Clinical Specialist,184541,3,5,14,55
43,Fredra,Ellerbeck,fellerbeck16@mit.edu,Female,Product Management,Teacher,140687,1,1,11,32
44,Debora,Harwick,dharwick17@google.com.hk,Female,Support,Business Systems Development Analyst,267723,1,2,8,40
45,Drona,Pizzie,dpizzie18@livejournal.com,Female,Business Development,Nurse Practicioner,174673,5,5,10,25
46,Quintina,Waiton,qwaiton19@nhs.uk,Female,Training,VP Marketing,249122,5,5,15,54
47,Antonella,Lafoy,alafoy1a@msu.edu,Female,Services,Structural Engineer,41937,3,3,1,29
48,Avrit,Petit,apetit1b@hubpages.com,Female,Support,Sales Representative,260447,1,4,12,56
49,Judy,Blackadder,jblackadder1c@over-blog.com,Female,Legal,Desktop Support Technician,198557,2,3,8,58
50,Lowell,Eckly,leckly1d@mail.ru,Male,Services,Registered Nurse,43053,3,5,10,45
51,Calv,McGuinley,cmcguinley1e@kickstarter.com,Male,Accounting,Web Designer II,97025,5,3,7,35
52,Cecilio,McMeeking,cmcmeeking1f@spiegel.de,Male,Human Resources,Programmer I,207390,4,4,20,54
53,Lynnea,Feathers,lfeathers1g@nationalgeographic.com,Female,Services,Accountant IV,202505,2,4,19,40
54,Dagmar,Cousans,dcousans1h@nhs.uk,Female,Training,Automation Specialist III,236252,1,3,17,53
55,Demott,Kirmond,dkirmond1i@indiegogo.com,Male,Sales,Senior Editor,33902,3,5,10,31
56,Stacee,Pevsner,spevsner1j@census.gov,Female,Support,Systems Administrator II,243720,2,3,4,51
57,Lydia,Treby,ltreby1k@furl.net,Female,Marketing,Computer Systems Analyst IV,182187,1,3,19,28
58,Alexine,Ind,aind1l@booking.com,Female,Product Management,General Manager,113144,1,4,2,42
59,Maryjo,Ganiclef,mganiclef1m@163.com,Female,Training,Geological Engineer,217977,1,3,6,48
60,Ethelbert,Clague,eclague1n@arizona.edu,Male,Research and Development,Sales Representative,119333,3,2,16,40
61,Mercedes,Ebhardt,mebhardt1o@geocities.jp,Female,Business Development,VP Accounting,104858,2,5,20,29
62,Milton,Smoughton,msmoughton1p@squidoo.com,Male,Legal,Professor,164021,3,4,3,25
63,Atlante,Eastcott,aeastcott1q@walmart.com,Female,Accounting,Electrical Engineer,112069,3,2,7,40
64,Lulita,Puddin,lpuddin1r@tripadvisor.com,Female,Legal,Junior Executive,133630,2,1,6,31
65,Cassandre,Brunnen,cbrunnen1s@eepurl.com,Female,Training,Product Engineer,109368,2,1,2,54
66,Kim,Andover,kandover1t@sogou.com,Male,Human Resources,Statistician IV,92761,1,4,3,22
67,Zonnya,Anton,zanton1u@msn.com,Female,Sales,Web Developer I,218299,4,5,13,55
68,Cristiano,Genike,cgenike1v@netscape.com,Male,Accounting,Financial Analyst,96241,1,2,13,50
69,Sile,Kincaid,skincaid1w@mapy.cz,Female,Product Management,Marketing Assistant,259335,4,2,18,57
70,Brendin,Battams,bbattams1x@sciencedaily.com,Male,Sales,Business Systems Development Analyst,191021,5,4,2,50
71,Jessi,Mingasson,jmingasson1y@vistaprint.com,Female,Marketing,Civil Engineer,216575,2,1,7,47
72,Saul,Southward,ssouthward1z@ebay.com,Male,Accounting,Assistant Professor,95175,5,3,20,54
73,Melisande,Fackney,mfackney20@ezinearticles.com,Female,Marketing,Sales Associate,243586,4,3,16,53
74,Kathie,Sheepy,ksheepy21@nature.com,Female,Support,Editor,110110,3,5,11,39
75,Ced,Zucker,czucker22@accuweather.com,Male,Legal,Business Systems Development Analyst,248847,1,2,6,56
76,Ahmed,Garnul,agarnul23@eventbrite.com,Male,Research and Development,Data Coordinator,65663,5,1,8,33
77,Sandy,Colum,scolum24@yahoo.com,Male,Engineering,Human Resources Assistant III,181758,2,1,16,25
78,Hughie,Cundy,hcundy25@moonfruit.com,Male,Accounting,Teacher,267762,4,4,19,27
79,Vikky,Kores,vkores26@purevolume.com,Female,Sales,Staff Scientist,174350,1,1,1,43
80,Haley,Ockleshaw,hockleshaw27@google.co.uk,Female,Engineering,Senior Editor,212602,5,1,18,38
81,Eunice,Kleis,ekleis28@sun.com,Female,Human Resources,Design Engineer,246101,4,3,2,58
82,Demetris,Maciunas,dmaciunas29@webeden.co.uk,Male,Research and Development,Human Resources Assistant I,144391,5,5,10,48
83,Robbyn,Wallace,rwallace2a@cdbaby.com,Female,Engineering,Director of Sales,276777,4,4,7,47
84,Emilee,Dumbarton,edumbarton2b@ustream.tv,Female,Training,Cost Accountant,203328,1,4,15,58
85,Malcolm,Mc-Kerley,mmckerley2c@topsy.com,Male,Human Resources,Teacher,35851,1,4,13,26
86,Fitzgerald,Kurten,fkurten2d@seesaa.net,Male,Business Development,Legal Assistant,198577,5,3,10,24
87,Lotte,McVee,lmcvee2e@furl.net,Female,Business Development,Paralegal,43390,4,4,11,34
88,Clovis,Vizard,cvizard2f@hexun.com,Female,Support,Sales Representative,239431,3,4,16,54
89,Maximilianus,Knath,mknath2g@zimbio.com,Male,Services,Librarian,131746,1,1,4,55
90,Eddie,Williamson,ewilliamson2h@go.com,Male,Training,Nurse,39002,5,3,11,49
91,Merrili,Eathorne,meathorne2i@amazon.co.uk,Female,Support,Sales Representative,261559,3,3,6,44
92,Josy,Molloy,jmolloy2j@yelp.com,Female,Training,Speech Pathologist,205947,2,5,5,21
93,Ingrim,Gully,igully2k@about.com,Male,Training,Quality Engineer,219716,4,4,7,23
94,Anabel,Freeland,afreeland2l@blogspot.com,Female,Research and Development,VP Marketing,132142,3,2,3,22
95,Ofilia,Le Breton De La Vieuville,olebretondelavieuville2m@walmart.com,Female,Support,Research Associate,125961,2,3,17,34
96,Maurits,Dutch,mdutch2n@cnbc.com,Male,Services,Staff Scientist,132426,2,1,2,55
97,Isaiah,Buffy,ibuffy2o@jugem.jp,Male,Research and Development,Information Systems Manager,26707,5,3,1,48
98,Lorenza,Ritmeier,lritmeier2p@sun.com,Female,Services,Assistant Media Planner,182779,1,4,16,24
99,Petronia,Halpine,phalpine2q@indiatimes.com,Female,Research and Development,Cost Accountant,102972,4,3,19,26
100,Trace,Douche,tdouche2r@discovery.com,Male,Training,Internal Auditor,128518,2,5,2,28
101,Ileane,Threadgill,ithreadgill2s@weebly.com,Female,Research and Development,Paralegal,98720,1,3,10,51
102,Cleopatra,Edser,cedser2t@amazon.co.uk,Female,Research and Development,Administrative Assistant I,228604,2,2,11,24
103,Sterling,Stivey,sstivey2u@odnoklassniki.ru,Male,Legal,Administrative Officer,162167,2,1,19,51
104,Modestia,Hamberston,mhamberston2v@google.nl,Female,Human Resources,Office Assistant IV,78795,5,5,10,29
105,Baily,Ronci,bronci2w@ovh.net,Male,Human Resources,Research Associate,209756,2,1,2,56
106,Pearline,Beaulieu,pbeaulieu2x@mozilla.com,Female,Accounting,VP Marketing,146679,4,5,6,41
107,Rockey,Gregore,rgregore2y@1und1.de,Male,Product Management,Developer II,69971,4,3,20,48
108,Willie,Maty,wmaty2z@foxnews.com,Male,Research and Development,Community Outreach Specialist,270110,4,3,14,40
109,Terrye,Jakubovitch,tjakubovitch30@ox.ac.uk,Female,Product Management,VP Sales,242671,5,1,19,58
110,Moishe,Trayes,mtrayes31@economist.com,Male,Services,Actuary,204689,2,2,7,31
111,Stevie,McIlvaney,smcilvaney32@printfriendly.com,Male,Legal,Teacher,91988,5,5,4,27
112,Melba,Flynn,mflynn33@goo.ne.jp,Female,Training,Occupational Therapist,135476,4,2,8,39
113,Luke,Sherr,lsherr34@google.com,Male,Services,Quality Control Specialist,125700,4,3,11,33
114,Jerry,Hearne,jhearne35@desdev.cn,Male,Marketing,Design Engineer,79852,4,1,3,39
115,Darrin,Beningfield,dbeningfield36@joomla.org,Male,Engineering,Accountant I,133696,1,3,1,31
116,Sim,Weatherhogg,sweatherhogg37@cdbaby.com,Male,Product Management,Senior Sales Associate,151953,3,4,17,32
117,Brenn,Tewnion,btewnion38@chicagotribune.com,Female,Training,Database Administrator III,81057,4,3,18,36
118,Ardys,Burgum,aburgum39@oaic.gov.au,Female,Training,Quality Engineer,245891,4,5,19,35
119,Chickie,Seal,cseal3a@moonfruit.com,Male,Legal,Quality Engineer,71717,4,1,18,40
120,Mabel,Swainsbury,mswainsbury3b@ucoz.com,Female,Business Development,Help Desk Technician,44843,4,5,19,25
121,Anatol,Gabbitas,agabbitas3c@1688.com,Male,Sales,Actuary,152383,3,5,20,24
122,Nowell,Tatteshall,ntatteshall3d@privacy.gov.au,Male,Services,Environmental Specialist,214153,5,3,18,47
123,Bobbie,Mallall,bmallall3e@answers.com,Male,Human Resources,Registered Nurse,177517,1,3,11,42
124,Luise,Kleinplac,lkleinplac3f@samsung.com,Female,Services,Administrative Officer,75277,1,2,2,32
125,Ginger,Oliver-Paull,goliverpaull3g@engadget.com,Male,Product Management,Graphic Designer,274084,1,2,8,38
126,Emanuele,Vickors,evickors3h@rakuten.co.jp,Male,Engineering,Quality Control Specialist,37147,4,2,8,44
127,Jamie,Jehan,jjehan3i@cnet.com,Female,Training,Quality Control Specialist,170282,1,2,11,56
128,Corinna,Gillinghams,cgillinghams3j@themeforest.net,Female,Services,Environmental Specialist,24672,3,3,12,57
129,Alonzo,Parren,aparren3k@printfriendly.com,Male,Legal,Registered Nurse,178809,1,1,16,58
130,Kele,Canet,kcanet3l@squarespace.com,Male,Product Management,Account Executive,174037,3,2,13,31
131,Mordecai,Meindl,mmeindl3m@bigcartel.com,Male,Product Management,Research Nurse,142502,2,2,3,53
132,Fran,Langabeer,flangabeer3n@newsvine.com,Male,Marketing,Research Nurse,144983,3,4,19,32
133,Meta,Vallentine,mvallentine3o@state.tx.us,Female,Services,Software Engineer III,122848,3,2,17,52
134,Stephana,O'Hannen,sohannen3p@w3.org,Female,Marketing,Nurse Practicioner,122537,4,4,15,51
135,Joye,O'Hallihane,johallihane3q@cam.ac.uk,Female,Services,Automation Specialist I,187070,1,2,8,50
136,Peg,Lejeune,plejeune3r@prlog.org,Female,Human Resources,Registered Nurse,182346,2,1,11,49
137,Minnie,Sangster,msangster3s@pcworld.com,Female,Research and Development,VP Sales,198813,2,1,19,34
138,Rolando,Corteis,rcorteis3t@ocn.ne.jp,Male,Legal,Accounting Assistant IV,84344,3,1,19,27
139,Bron,Meuse,bmeuse3u@whitehouse.gov,Male,Product Management,Product Engineer,117321,4,4,16,31
140,Belinda,Stiegar,bstiegar3v@google.de,Female,Engineering,Account Representative III,254379,1,1,14,35
141,Robbie,Traill,rtraill3w@whitehouse.gov,Male,Sales,Analog Circuit Design manager,68096,1,4,15,45
142,Jerrold,Greschke,jgreschke3x@woothemes.com,Male,Research and Development,Business Systems Development Analyst,75342,2,4,17,34
143,Candra,Janecki,cjanecki3y@goo.ne.jp,Female,Accounting,Database Administrator III,254346,5,5,5,52
144,Bernetta,Christol,bchristol3z@ustream.tv,Female,Human Resources,Community Outreach Specialist,76126,1,2,7,23
145,Carin,Hannabus,channabus40@uol.com.br,Female,Product Management,Help Desk Technician,100441,3,4,15,42
146,Latrena,Probyn,lprobyn41@example.com,Female,Legal,Geological Engineer,234568,3,2,10,48
147,Nikola,Flori,nflori42@yale.edu,Male,Training,Software Engineer I,228496,4,4,16,36
148,Frants,Meller,fmeller43@google.pl,Male,Marketing,Automation Specialist I,31322,2,2,13,26
149,Odette,Phateplace,ophateplace44@npr.org,Female,Business Development,Assistant Manager,191818,3,3,3,52
150,Shalne,Sisnett,ssisnett45@storify.com,Female,Research and Development,Engineer I,259823,3,2,2,36
151,Jakie,Gledhill,jgledhill46@printfriendly.com,Male,Research and Development,Account Representative II,90135,1,1,14,54
152,Norma,Borer,nborer47@vinaora.com,Female,Research and Development,Quality Control Specialist,177683,3,3,19,30
153,Read,Fleg,rfleg48@jugem.jp,Male,Support,Developer I,108660,1,2,15,53
154,Darline,Mountlow,dmountlow49@ocn.ne.jp,Female,Business Development,Technical Writer,112475,1,1,1,50
155,Constancia,Ordelt,cordelt4a@t.co,Female,Legal,Quality Control Specialist,60635,3,5,15,29
156,Kennie,MacHoste,kmachoste4b@posterous.com,Male,Legal,Programmer III,206443,1,5,16,57
157,Kelley,Nutten,knutten4c@berkeley.edu,Male,Sales,Quality Engineer,233828,5,1,16,51
158,Malena,Longmaid,mlongmaid4d@home.pl,Female,Legal,VP Quality Control,244953,1,3,15,40
159,Nester,Pantin,npantin4e@arizona.edu,Male,Human Resources,Cost Accountant,97687,1,4,17,23
160,Lissy,Iacomi,liacomi4f@comcast.net,Female,Services,Compensation Analyst,197271,3,5,9,48
161,Salomone,Gronauer,sgronauer4g@tinypic.com,Male,Sales,Tax Accountant,221622,2,5,17,30
162,Florina,Badini,fbadini4h@cyberchimps.com,Female,Business Development,Editor,27997,2,1,19,47
163,Dina,Kidsley,dkidsley4i@histats.com,Female,Services,Clinical Specialist,199112,4,2,1,40
164,Jdavie,Greir,jgreir4j@goo.ne.jp,Male,Sales,Web Developer III,94544,4,2,7,57
165,Mickie,Moorrud,mmoorrud4k@surveymonkey.com,Male,Sales,Actuary,66829,5,1,14,44
166,Hube,Rubinfeld,hrubinfeld4l@lulu.com,Male,Legal,Research Assistant II,173619,1,4,12,51
167,Pall,Stroband,pstroband4m@ebay.co.uk,Male,Accounting,Budget/Accounting Analyst II,222597,1,2,4,36
168,Rebe,Waitland,rwaitland4n@bbb.org,Female,Business Development,Environmental Specialist,75762,2,2,10,31
169,Olag,Cowlin,ocowlin4o@shutterfly.com,Male,Services,Assistant Manager,189594,4,4,17,54
170,Goldia,Bocock,gbocock4p@cam.ac.uk,Female,Support,Database Administrator III,231096,4,4,14,21
171,Gilberto,Ikins,gikins4q@wix.com,Male,Support,Internal Auditor,154911,5,3,4,21
172,Etheline,Clamp,eclamp4r@miibeian.gov.cn,Female,Support,Assistant Professor,98926,4,2,6,50
173,Perri,Burchall,pburchall4s@yolasite.com,Female,Human Resources,Media Manager III,245012,1,5,18,33
174,Jacquette,Riddlesden,jriddlesden4t@networksolutions.com,Female,Business Development,Safety Technician II,177090,3,5,8,57
175,Cornie,Arch,carch4u@geocities.jp,Female,Sales,Product Engineer,137835,1,2,18,32
176,Mommy,Wreiford,mwreiford4v@nih.gov,Female,Services,Database Administrator I,84785,3,1,7,36
177,Jessie,Mehaffey,jmehaffey4w@so-net.ne.jp,Male,Accounting,Teacher,144088,1,1,16,36
178,Miguela,Balam,mbalam4x@amazon.co.jp,Female,Product Management,Data Coordinator,265740,5,2,13,41
179,Niles,Dury,ndury4y@who.int,Male,Legal,Sales Associate,57396,1,2,8,29
180,Kaitlin,Rich,krich4z@fotki.com,Female,Training,Help Desk Operator,275936,1,5,17,45
181,Consuelo,Leaver,cleaver50@t.co,Female,Engineering,Account Representative III,107670,2,2,13,23
182,Marybelle,Pool,mpool51@narod.ru,Female,Product Management,Programmer Analyst III,149572,3,3,10,23
183,Wes,Gerson,wgerson52@apple.com,Male,Marketing,Sales Associate,210364,5,3,16,28
184,Neilla,Martynka,nmartynka53@theguardian.com,Female,Accounting,Automation Specialist II,272076,3,5,16,31
185,Willy,Dufoure,wdufoure54@usnews.com,Female,Product Management,General Manager,100143,3,5,14,43
186,Rawley,Andriveaux,randriveaux55@opera.com,Male,Accounting,Sales Associate,223642,4,3,17,30
187,Maryrose,Kidner,mkidner56@seattletimes.com,Female,Business Development,Assistant Media Planner,275339,5,4,20,39
188,Renaud,Asprey,rasprey57@ed.gov,Male,Engineering,Quality Engineer,62011,2,2,16,46
189,Etti,Duggon,eduggon58@cnet.com,Female,Sales,Help Desk Technician,272545,3,3,1,40
190,Frederico,Farbrace,ffarbrace59@booking.com,Male,Product Management,Accounting Assistant III,169200,5,3,17,47
191,Ripley,Basten,rbasten5a@psu.edu,Male,Training,Account Representative IV,35168,1,4,10,52
192,Edita,Karpeev,ekarpeev5b@senate.gov,Female,Business Development,Assistant Manager,66124,1,3,7,49
193,Isiahi,Kittow,ikittow5c@smugmug.com,Male,Sales,Senior Editor,268925,2,4,13,25
194,Fawne,Abthorpe,fabthorpe5d@cloudflare.com,Female,Training,Developer II,271652,2,1,5,30
195,Muhammad,Heak,mheak5e@parallels.com,Male,Business Development,Web Developer III,257927,1,2,7,30
196,Nananne,Cotterell,ncotterell5f@dion.ne.jp,Female,Sales,Chief Design Engineer,55762,3,4,6,32
197,Auroora,Alfonso,aalfonso5g@wunderground.com,Female,Engineering,Engineer I,112644,5,2,17,32
198,Griffy,Barribal,gbarribal5h@parallels.com,Male,Human Resources,Food Chemist,276799,1,2,5,56
199,Aldrich,Cana,acana5i@marketwatch.com,Male,Marketing,Environmental Specialist,192907,4,5,11,49
200,Linnell,Grumell,lgrumell5j@marriott.com,Female,Engineering,Biostatistician II,174021,2,1,14,58
201,Rahal,Helsdon,rhelsdon5k@alexa.com,Female,Training,Structural Engineer,239496,1,5,5,45
202,Edgard,Dickenson,edickenson5l@topsy.com,Male,Accounting,Help Desk Technician,162165,3,4,6,30
203,Kerry,Lothean,klothean5m@unicef.org,Female,Marketing,Desktop Support Technician,45874,5,3,14,27
204,Sonny,Hacking,shacking5n@mayoclinic.com,Male,Product Management,Associate Professor,179480,4,1,13,47
205,Bobbi,Witsey,bwitsey5o@alibaba.com,Female,Training,Desktop Support Technician,191049,5,1,17,56
206,Sari,Greeve,sgreeve5p@domainmarket.com,Female,Services,Research Associate,58282,4,3,20,52
207,Hebert,Ismay,hismay5q@home.pl,Male,Legal,Assistant Professor,40124,4,2,2,35
208,Ernst,Colbourn,ecolbourn5r@linkedin.com,Male,Support,Food Chemist,110915,5,4,3,38
209,Yvor,Mahaddie,ymahaddie5s@vimeo.com,Male,Marketing,Research Nurse,229847,2,4,6,48
210,Lisetta,Flute,lflute5t@forbes.com,Female,Support,General Manager,64072,4,4,5,43
211,Pris,Cluff,pcluff5u@ifeng.com,Female,Support,Help Desk Technician,235964,5,4,18,48
212,Wilma,Currm,wcurrm5v@goo.ne.jp,Female,Product Management,Marketing Manager,183604,2,5,18,41
213,Carmelita,Langton,clangton5w@wikia.com,Female,Accounting,Structural Engineer,76206,2,3,2,55
214,Dylan,Kenworthy,dkenworthy5x@abc.net.au,Male,Human Resources,Research Assistant I,111768,4,5,7,41
215,Claudian,Stuke,cstuke5y@apple.com,Male,Support,Accountant III,256762,2,3,15,43
216,Veronike,Loving,vloving5z@cmu.edu,Female,Product Management,VP Quality Control,29388,5,5,8,23
217,Claretta,Chapelhow,cchapelhow60@ustream.tv,Female,Sales,Financial Advisor,97554,2,5,16,47
218,Bern,Townson,btownson61@typepad.com,Male,Services,Accountant I,27171,4,5,3,31
219,Claudie,Stare,cstare62@freewebs.com,Female,Sales,Editor,180040,5,2,20,21
220,Dylan,Mountney,dmountney63@dmoz.org,Male,Business Development,Structural Analysis Engineer,242298,3,4,9,49
221,Marvin,Millom,mmillom64@nbcnews.com,Male,Accounting,Paralegal,254551,2,2,5,57
222,Shermy,Ramel,sramel65@unc.edu,Male,Accounting,Account Representative II,120753,4,1,20,37
223,Clyve,Gresly,cgresly66@lulu.com,Male,Sales,Physical Therapy Assistant,167037,4,1,2,24
224,Tally,Olenikov,tolenikov67@dell.com,Female,Training,Registered Nurse,254147,4,1,16,37
225,Jacquelyn,Voff,jvoff68@sbwire.com,Female,Engineering,Graphic Designer,198463,5,3,6,28
226,Donella,Kellaway,dkellaway69@shutterfly.com,Female,Human Resources,Software Consultant,268420,4,5,4,53
227,Lesya,Haimes,lhaimes6a@hexun.com,Female,Accounting,Research Assistant III,134490,4,4,9,53
228,Ignace,Millar,imillar6b@globo.com,Male,Engineering,Nuclear Power Engineer,184556,3,3,14,52
229,Stanislas,Bretherick,sbretherick6c@seattletimes.com,Male,Business Development,Quality Control Specialist,199659,1,1,1,45
230,Paola,Rhoddie,prhoddie6d@bravesites.com,Female,Sales,Design Engineer,96596,4,4,14,31
231,Oberon,Ladel,oladel6e@sakura.ne.jp,Male,Sales,Operator,88601,1,2,5,58
232,Caitlin,Snodin,csnodin6f@answers.com,Female,Accounting,Programmer Analyst II,183117,1,2,13,28
233,Emmeline,Aitkenhead,eaitkenhead6g@yahoo.co.jp,Female,Research and Development,Registered Nurse,236059,4,1,18,32
234,Solomon,Myner,smyner6h@creativecommons.org,Male,Accounting,Human Resources Assistant III,244512,5,4,17,36
235,Andriette,Freeberne,afreeberne6i@uol.com.br,Female,Engineering,Programmer IV,108441,3,5,9,27
236,Flora,Ducastel,fducastel6j@who.int,Female,Sales,Assistant Professor,152364,5,2,6,21
237,Waylon,Thomasson,wthomasson6k@indiegogo.com,Male,Legal,Help Desk Technician,76406,2,5,18,58
238,Eleanora,Domelaw,edomelaw6l@about.me,Female,Sales,Web Developer I,159900,1,5,4,31
239,Jarib,Attyeo,jattyeo6m@sakura.ne.jp,Male,Engineering,Nuclear Power Engineer,111501,5,3,18,29
240,Lizette,Smallacombe,lsmallacombe6n@livejournal.com,Female,Sales,Marketing Assistant,186878,2,1,13,40
241,Peta,Farnsworth,pfarnsworth6o@quantcast.com,Female,Services,Internal Auditor,140382,1,1,5,31
242,Leighton,Renfree,lrenfree6p@mozilla.com,Male,Accounting,Product Engineer,241617,5,5,20,21
243,Ernestine,Vizard,evizard6q@prlog.org,Female,Business Development,Occupational Therapist,242529,2,2,17,47
244,Cal,Orehead,corehead6r@disqus.com,Male,Sales,Database Administrator II,173543,3,5,14,36
245,Winonah,Woodwing,wwoodwing6s@samsung.com,Female,Sales,Human Resources Manager,58953,5,5,7,23
246,Sammie,Jakes,sjakes6t@ft.com,Male,Product Management,Health Coach II,71900,4,3,2,31
247,Craggy,Burgise,cburgise6u@t-online.de,Male,Accounting,Statistician II,54227,3,1,19,41
248,Marcille,Sulman,msulman6v@dailymotion.com,Female,Product Management,Senior Developer,32408,1,2,12,31
249,Chicky,Stoak,cstoak6w@digg.com,Female,Accounting,Biostatistician I,223144,3,5,2,22
250,Melinda,Vatini,mvatini6x@webnode.com,Female,Research and Development,Geological Engineer,176384,1,2,5,42
251,Remington,Drakeford,rdrakeford6y@wired.com,Male,Legal,Geologist II,129694,4,3,7,24
252,Maribeth,Tungay,mtungay6z@51.la,Female,Training,Civil Engineer,244181,3,3,9,42
253,Valdemar,Alker,valker70@nationalgeographic.com,Male,Research and Development,Financial Analyst,34134,2,5,8,32
254,Felike,Chapier,fchapier71@theatlantic.com,Male,Business Development,Media Manager III,83990,1,5,8,46
255,Timmi,Dulton,tdulton72@goodreads.com,Female,Legal,Administrative Officer,85650,4,1,11,57
256,Cheston,Roback,croback73@aboutads.info,Male,Research and Development,Electrical Engineer,151954,5,5,10,57
257,Ellissa,Kearn,ekearn74@facebook.com,Female,Training,Electrical Engineer,187466,3,3,11,21
258,Rodney,Lorentz,rlorentz75@liveinternet.ru,Male,Human Resources,Community Outreach Specialist,249330,4,5,8,43
259,Carlo,Jumeau,cjumeau76@tmall.com,Male,Human Resources,Web Designer I,251823,4,1,12,33
260,Kristin,Cogman,kcogman77@twitpic.com,Female,Research and Development,Civil Engineer,67254,5,5,13,21
261,Sawyere,Berzins,sberzins78@whitehouse.gov,Male,Product Management,Research Associate,140649,1,2,20,35
262,Annis,Gresser,agresser79@wiley.com,Female,Support,Programmer Analyst III,48326,5,3,12,29
263,Hall,Adderson,hadderson7a@spotify.com,Male,Training,Statistician II,270784,4,1,2,25
264,Cullan,Gowing,cgowing7b@freewebs.com,Male,Marketing,Internal Auditor,117849,4,2,19,26
265,Massimo,Pymm,mpymm7c@sakura.ne.jp,Male,Services,Chief Design Engineer,63681,4,5,6,28
266,Jarid,Rennie,jrennie7d@ehow.com,Male,Research and Development,Senior Cost Accountant,253500,4,5,5,39
267,Kliment,Wisniewski,kwisniewski7e@hud.gov,Male,Research and Development,Recruiting Manager,202934,2,4,12,48
268,Haleigh,Sarfass,hsarfass7f@harvard.edu,Female,Services,Marketing Manager,134392,3,2,9,25
269,Franky,Nairn,fnairn7g@ocn.ne.jp,Male,Marketing,Chemical Engineer,83120,4,1,11,29
270,Rozamond,Braunlein,rbraunlein7h@dyndns.org,Female,Business Development,Speech Pathologist,248924,4,3,8,21
271,Lynsey,Danielsky,ldanielsky7i@parallels.com,Female,Sales,VP Quality Control,137336,2,1,14,33
272,Sunshine,Dockrill,sdockrill7j@nifty.com,Female,Legal,Computer Systems Analyst III,182110,3,2,16,39
273,Lacy,Stubbeley,lstubbeley7k@wix.com,Female,Business Development,Programmer Analyst IV,72223,4,5,4,40
274,Rey,Rubke,rrubke7l@google.com,Male,Human Resources,Geologist III,31147,5,3,18,33
275,Johnny,Barg,jbarg7m@wired.com,Male,Legal,Nurse,265691,2,3,13,33
276,Allen,Pease,apease7n@slashdot.org,Male,Sales,Physical Therapy Assistant,39361,5,5,1,53
277,Darb,Lynskey,dlynskey7o@i2i.jp,Female,Engineering,Web Developer I,249757,1,2,4,49
278,Eleni,Cheng,echeng7p@noaa.gov,Female,Marketing,Financial Advisor,133099,2,2,3,40
279,Homere,Dupree,hdupree7q@a8.net,Male,Human Resources,VP Product Management,55929,4,5,9,55
280,Red,Binne,rbinne7r@unesco.org,Male,Engineering,Research Assistant I,151573,2,5,10,35
281,Shelton,Boissier,sboissier7s@reverbnation.com,Male,Engineering,Research Assistant IV,225330,4,1,17,48
282,Amery,Kennedy,akennedy7t@so-net.ne.jp,Male,Support,Web Designer III,188126,3,3,6,54
283,Carol,Southon,csouthon7u@ucoz.ru,Female,Accounting,Media Manager IV,261395,3,4,20,32
284,Sully,Press,spress7v@w3.org,Male,Support,Research Associate,71571,2,3,1,58
285,Carry,Szymonwicz,cszymonwicz7w@microsoft.com,Female,Marketing,Internal Auditor,81445,4,2,12,49
286,Trever,Brunner,tbrunner7x@usatoday.com,Male,Legal,Senior Developer,100875,4,4,7,46
287,Lila,Orviss,lorviss7y@answers.com,Female,Training,Technical Writer,94576,5,1,15,58
288,Merilyn,Jenman,mjenman7z@moonfruit.com,Female,Research and Development,Information Systems Manager,22149,5,4,19,45
289,Christyna,Cathro,ccathro80@bbb.org,Female,Marketing,Financial Analyst,266208,4,1,1,57
290,Pall,Rannald,prannald81@yolasite.com,Male,Support,Health Coach II,29573,3,4,17,30
291,Rahal,Blazic,rblazic82@twitter.com,Female,Legal,Actuary,276278,2,5,5,41
292,Sax,Van De Cappelle,svandecappelle83@merriam-webster.com,Male,Engineering,Chief Design Engineer,73566,5,4,10,44
293,Bernadene,Strangwood,bstrangwood84@diigo.com,Female,Sales,Teacher,228769,5,2,17,25
294,Brad,Yirrell,byirrell85@issuu.com,Male,Research and Development,Account Representative I,110704,3,1,5,28
295,Donia,Gascoyen,dgascoyen86@miibeian.gov.cn,Female,Product Management,Programmer III,68184,1,3,3,50
296,Harlin,Aspinal,haspinal87@boston.com,Male,Research and Development,Senior Cost Accountant,141357,5,5,20,33
297,Barrie,Teresia,bteresia88@storify.com,Female,Sales,Human Resources Assistant I,144701,5,3,2,42
298,Susy,Jephson,sjephson89@gmpg.org,Female,Marketing,Staff Scientist,170110,3,2,18,33
299,Werner,Ghelarducci,wghelarducci8a@comcast.net,Male,Sales,Quality Control Specialist,198444,1,4,5,34
300,Fitz,Abthorpe,fabthorpe8b@slate.com,Male,Training,Analog Circuit Design manager,102605,1,4,16,42
301,Bradly,Anwyl,banwyl8c@slashdot.org,Male,Business Development,Dental Hygienist,158850,3,3,15,43
302,Gypsy,McDougald,gmcdougald8d@facebook.com,Female,Human Resources,Civil Engineer,165257,1,4,19,26
303,Chelsey,Royan,croyan8e@mac.com,Female,Services,Automation Specialist III,220021,2,4,8,58
304,Corby,Breward,cbreward8f@mac.com,Male,Legal,Chemical Engineer,107151,1,4,20,47
305,Ignatius,Want,iwant8g@alibaba.com,Male,Research and Development,Speech Pathologist,47416,4,1,10,34
306,Teodoro,Hatto,thatto8h@microsoft.com,Male,Accounting,Quality Engineer,186277,3,3,3,27
307,Stephi,Hallock,shallock8i@cam.ac.uk,Female,Business Development,VP Sales,59134,3,5,14,39
308,Yankee,Walsh,ywalsh8j@ow.ly,Male,Product Management,Geologist II,241029,2,4,8,21
309,Arvie,Ewells,aewells8k@livejournal.com,Male,Accounting,VP Sales,220558,1,1,8,34
310,Uri,Lamond,ulamond8l@sbwire.com,Male,Human Resources,Junior Executive,124195,2,5,2,57
311,Yancey,Goomes,ygoomes8m@blog.com,Male,Legal,Help Desk Technician,23469,4,4,16,34
312,Alfons,Lewinton,alewinton8n@comsenz.com,Male,Human Resources,Environmental Specialist,181612,2,3,19,56
313,Shelden,Agett,sagett8o@tuttocitta.it,Male,Legal,Senior Cost Accountant,126206,5,3,9,28
314,Dorthy,Quemby,dquemby8p@bravesites.com,Female,Services,Software Consultant,112459,3,4,13,56
315,Merrili,MacCorley,mmaccorley8q@nba.com,Female,Research and Development,Biostatistician IV,253867,5,2,15,58
316,Fredric,Spilsburie,fspilsburie8r@youtube.com,Male,Business Development,Information Systems Manager,184151,5,5,3,30
317,Nert,Rattry,nrattry8s@vk.com,Female,Support,Database Administrator III,100735,3,1,6,29
318,Caitrin,Pembery,cpembery8t@nyu.edu,Female,Sales,Software Engineer II,228688,3,5,19,38
319,Magda,Winterburn,mwinterburn8u@github.com,Female,Business Development,Account Coordinator,65734,2,2,2,26
320,Augie,Katz,akatz8v@geocities.jp,Male,Legal,Structural Engineer,169847,1,2,8,25
321,Law,Lerohan,llerohan8w@shinystat.com,Male,Marketing,Assistant Manager,161937,3,5,3,51
322,Malanie,Filintsev,mfilintsev8x@goodreads.com,Female,Support,Recruiter,41860,5,4,10,52
323,Dianne,Riceards,driceards8y@senate.gov,Female,Research and Development,Junior Executive,46467,2,1,6,47
324,Welsh,Salkild,wsalkild8z@quantcast.com,Male,Services,Librarian,205638,3,3,13,28
325,Jannel,de Clerc,jdeclerc90@sitemeter.com,Female,Marketing,Help Desk Technician,176814,5,2,2,36
326,Denney,Havelin,dhavelin91@thetimes.co.uk,Male,Research and Development,VP Quality Control,84186,2,5,1,32
327,Eugen,Moggle,emoggle92@narod.ru,Male,Product Management,Programmer IV,148979,2,3,14,41
328,Tyrone,Ackroyd,tackroyd93@noaa.gov,Male,Marketing,Senior Financial Analyst,39254,2,2,8,21
329,Englebert,Grigori,egrigori94@forbes.com,Male,Marketing,Information Systems Manager,119670,4,4,15,42
330,Sauveur,Pre,spre95@house.gov,Male,Services,Actuary,231991,4,4,19,42
331,Maxy,Barrand,mbarrand96@disqus.com,Male,Legal,Electrical Engineer,237200,4,4,5,43
332,Tad,Farish,tfarish97@usnews.com,Male,Support,Staff Scientist,112591,4,5,14,23
333,Gordan,Plank,gplank98@naver.com,Male,Marketing,Director of Sales,50669,3,2,20,28
334,Paige,Burr,pburr99@alexa.com,Male,Business Development,Media Manager IV,141395,1,4,15,52
335,Chan,Ewer,cewer9a@biblegateway.com,Male,Sales,Assistant Manager,96828,2,5,18,23
336,Moritz,Arundel,marundel9b@wikia.com,Male,Legal,Business Systems Development Analyst,102267,1,5,14,28
337,Marga,Dowell,mdowell9c@pbs.org,Female,Legal,Geological Engineer,201223,2,2,1,45
338,Sibilla,Van Niekerk,svanniekerk9d@cisco.com,Female,Marketing,Quality Engineer,149936,1,3,1,28
339,Meta,Kent,mkent9e@1688.com,Female,Services,Health Coach I,72031,2,3,17,48
340,Colby,Chastenet,cchastenet9f@miitbeian.gov.cn,Male,Accounting,Biostatistician IV,168875,1,2,7,56
341,Ayn,Le Brun,alebrun9g@newyorker.com,Female,Human Resources,Social Worker,118943,1,5,2,22
342,Fowler,Hellmer,fhellmer9h@princeton.edu,Male,Legal,Account Coordinator,236246,3,4,10,42
343,Frederigo,Aggas,faggas9i@dropbox.com,Male,Support,Senior Financial Analyst,43373,5,2,10,25
344,Barnaby,Egar,begar9j@drupal.org,Male,Human Resources,Office Assistant IV,55461,3,3,15,35
345,Bendix,Rubinchik,brubinchik9k@engadget.com,Male,Services,Professor,37982,5,2,13,50
346,Lydon,Young,lyoung9l@mozilla.com,Male,Legal,Research Nurse,90328,1,5,15,47
347,Marja,Gannan,mgannan9m@mashable.com,Female,Engineering,Product Engineer,56888,1,4,7,58
348,Sax,Warrior,swarrior9n@feedburner.com,Male,Engineering,Senior Cost Accountant,124651,1,1,2,31
349,Dana,Klimpt,dklimpt9o@pen.io,Male,Product Management,Graphic Designer,254025,4,5,5,35
350,Rebeca,Canton,rcanton9p@uol.com.br,Female,Business Development,Professor,264057,2,2,5,30
351,Jeannette,Jiroutek,jjiroutek9q@wordpress.com,Female,Accounting,Research Nurse,193723,2,3,8,41
352,Dennie,Scurrer,dscurrer9r@biblegateway.com,Male,Accounting,Clinical Specialist,177855,3,4,5,22
353,Billie,Tesche,btesche9s@cmu.edu,Female,Legal,General Manager,84043,4,5,11,31
354,Amalita,Pullen,apullen9t@ucoz.com,Female,Sales,Web Developer I,197196,3,5,19,54
355,Georgeanna,Lutwidge,glutwidge9u@home.pl,Female,Sales,Senior Editor,76458,5,4,4,46
356,Neall,Votier,nvotier9v@shutterfly.com,Male,Training,Programmer Analyst III,142136,1,3,9,37
357,Chevalier,Izon,cizon9w@topsy.com,Male,Marketing,Analyst Programmer,222871,2,3,13,42
358,Tove,Parchment,tparchment9x@etsy.com,Female,Training,Director of Sales,124283,5,1,12,45
359,Maje,Massel,mmassel9y@prnewswire.com,Male,Product Management,Research Assistant II,54549,4,5,11,37
360,Skipp,Corday,scorday9z@printfriendly.com,Male,Marketing,Accounting Assistant I,57928,2,1,7,53
361,Constantia,Linscott,clinscotta0@addtoany.com,Female,Research and Development,Senior Cost Accountant,189571,5,5,12,48
362,Milty,Dunnan,mdunnana1@rakuten.co.jp,Male,Research and Development,Software Consultant,252930,3,2,11,36
363,Nappy,Whittet,nwhitteta2@alexa.com,Male,Accounting,VP Sales,223129,2,5,9,51
364,Thalia,Screwton,tscrewtona3@census.gov,Female,Services,Health Coach III,215579,1,1,18,56
365,Scotty,Dearn,sdearna4@newyorker.com,Male,Accounting,Office Assistant II,68486,4,5,20,24
366,Molli,Brackenridge,mbrackenridgea5@usda.gov,Female,Business Development,Sales Representative,63286,4,4,20,53
367,Edie,Impett,eimpetta6@macromedia.com,Female,Support,Account Representative III,262100,4,5,11,50
368,Tommy,Dyett,tdyetta7@seesaa.net,Male,Services,Structural Analysis Engineer,218098,2,3,11,36
369,Karna,Rosenbloom,krosenblooma8@cyberchimps.com,Female,Sales,Assistant Professor,234112,1,2,7,50
370,Merry,Klawi,mklawia9@shop-pro.jp,Female,Human Resources,Civil Engineer,193297,3,3,15,24
371,Dido,Speachley,dspeachleyaa@t-online.de,Female,Services,Editor,55853,1,3,4,41
372,Vivian,Maykin,vmaykinab@tuttocitta.it,Female,Marketing,Assistant Media Planner,183299,4,4,3,28
373,Russ,Yitzhakof,ryitzhakofac@nbcnews.com,Male,Services,Marketing Assistant,275448,2,3,14,43
374,Vania,Clubbe,vclubbead@symantec.com,Female,Legal,Sales Associate,156276,1,5,4,35
375,Lyn,Rigney,lrigneyae@cyberchimps.com,Male,Accounting,Compensation Analyst,250485,4,2,1,46
376,Garnette,Wooland,gwoolandaf@apple.com,Female,Services,Operator,176028,5,1,18,26
377,Ninon,Hulmes,nhulmesag@aboutads.info,Female,Marketing,Executive Secretary,46182,1,5,13,58
378,Glori,MacCrackan,gmaccrackanah@seesaa.net,Female,Sales,Design Engineer,111069,5,5,5,55
379,Winona,Forman,wformanai@rakuten.co.jp,Female,Sales,Automation Specialist I,212674,3,3,1,37
380,Marcelia,Maxweell,mmaxweellaj@bloglovin.com,Female,Business Development,Staff Scientist,33245,2,4,12,47
381,Kinnie,Horick,khorickak@microsoft.com,Male,Sales,VP Quality Control,87029,3,1,5,29
382,Boyd,Lough,bloughal@blogger.com,Male,Research and Development,Project Manager,115767,1,1,20,32
383,Gilligan,Crellin,gcrellinam@reverbnation.com,Female,Accounting,Associate Professor,73735,2,3,20,57
384,Wandie,Kunkel,wkunkelan@spiegel.de,Female,Training,Staff Scientist,144165,1,1,17,34
385,Ellen,Attock,eattockao@ebay.co.uk,Female,Training,Analyst Programmer,48971,5,4,19,58
386,Tierney,Barczewski,tbarczewskiap@sina.com.cn,Female,Product Management,Director of Sales,126585,1,5,14,46
387,Rogers,Coward,rcowardaq@amazon.de,Male,Training,Analyst Programmer,236839,5,5,20,57
388,Errol,Cockson,ecocksonar@cnbc.com,Male,Legal,Assistant Manager,175121,1,2,15,32
389,Lyn,Karpenko,lkarpenkoas@google.com,Male,Business Development,Civil Engineer,45246,1,1,10,25
390,Menard,Allder,mallderat@homestead.com,Male,Product Management,Food Chemist,257374,2,5,12,28
391,Marcy,Vasyunkin,mvasyunkinau@dedecms.com,Female,Research and Development,Statistician IV,68484,3,3,15,28
392,Jonathan,Houseman,jhousemanav@wikispaces.com,Male,Marketing,Information Systems Manager,249251,5,4,3,32
393,Ian,Balma,ibalmaaw@hud.gov,Male,Engineering,Database Administrator III,157178,3,5,9,31
394,Georges,Walch,gwalchax@nps.gov,Male,Business Development,Actuary,70490,3,4,7,30
395,Eugenio,Dawid,edawiday@xinhuanet.com,Male,Product Management,Technical Writer,272547,3,3,19,39
396,Carleen,Deluce,cdeluceaz@cocolog-nifty.com,Female,Marketing,Safety Technician II,210096,4,5,4,42
397,Cherice,Mirrlees,cmirrleesb0@trellian.com,Female,Product Management,VP Sales,226148,2,1,20,32
398,Jerrine,Trytsman,jtrytsmanb1@godaddy.com,Female,Legal,Statistician IV,135570,2,4,18,21
399,Claresta,Rouby,croubyb2@mysql.com,Female,Training,Pharmacist,140991,1,2,16,45
400,Meir,Sanpher,msanpherb3@twitter.com,Male,Business Development,Pharmacist,172757,1,1,18,49
401,Riley,Grenfell,rgrenfellb4@yahoo.com,Male,Legal,Electrical Engineer,241655,2,4,12,55
402,Amanda,Matejovsky,amatejovskyb5@delicious.com,Female,Sales,Social Worker,120305,2,3,14,58
403,Rance,Hindes,rhindesb6@dropbox.com,Male,Engineering,Human Resources Manager,213290,4,2,3,24
404,Julio,Vannucci,jvannuccib7@webeden.co.uk,Male,Training,Structural Analysis Engineer,51323,5,2,5,55
405,Grange,Karlqvist,gkarlqvistb8@reuters.com,Male,Business Development,Sales Associate,269588,5,4,8,48
406,Clareta,Dalbey,cdalbeyb9@latimes.com,Female,Sales,Pharmacist,263605,3,4,16,55
407,Tod,Segebrecht,tsegebrechtba@example.com,Male,Support,Human Resources Manager,43545,4,1,5,43
408,Dagmar,Vigus,dvigusbb@freewebs.com,Female,Support,Marketing Manager,203451,3,3,11,53
409,Tim,Killigrew,tkilligrewbc@ox.ac.uk,Male,Product Management,Tax Accountant,67370,5,4,4,40
410,Steffie,Keiley,skeileybd@privacy.gov.au,Female,Legal,Technical Writer,108740,2,2,8,41
411,Lea,Blumsom,lblumsombe@youtube.com,Female,Sales,Senior Quality Engineer,185562,4,2,9,46
412,Taddeusz,Philpin,tphilpinbf@tmall.com,Male,Marketing,Nuclear Power Engineer,45894,3,2,2,41
413,Erna,Swindley,eswindleybg@blinklist.com,Female,Sales,Occupational Therapist,253562,3,3,13,46
414,Abdul,Girardez,agirardezbh@wix.com,Male,Accounting,Senior Editor,203163,3,4,2,26
415,Twyla,Faulconbridge,tfaulconbridgebi@fastcompany.com,Female,Product Management,Analyst Programmer,148971,5,2,2,29
416,Eberto,Wellbank,ewellbankbj@hatena.ne.jp,Male,Marketing,Recruiter,180493,1,5,5,58
417,Tobit,Snadden,tsnaddenbk@linkedin.com,Male,Human Resources,Human Resources Manager,22979,1,2,20,54
418,Adan,Lodin,alodinbl@rakuten.co.jp,Male,Support,Desktop Support Technician,244091,1,4,3,46
419,Gayle,Deverson,gdeversonbm@baidu.com,Male,Services,Legal Assistant,31354,3,3,8,50
420,Kial,Stapley,kstapleybn@scribd.com,Female,Business Development,Accounting Assistant III,117144,1,1,12,31
421,Ivett,Capelow,icapelowbo@seesaa.net,Female,Engineering,Legal Assistant,175977,1,5,4,47
422,Ethel,Jakubovics,ejakubovicsbp@senate.gov,Female,Human Resources,Research Associate,243999,1,5,14,33
423,Aurel,Yitzhakov,ayitzhakovbq@diigo.com,Female,Support,Information Systems Manager,81457,5,5,4,41
424,Ezmeralda,Gawne,egawnebr@foxnews.com,Female,Human Resources,Executive Secretary,86983,5,1,10,51
425,Yul,Tilmouth,ytilmouthbs@nyu.edu,Male,Training,Staff Accountant IV,238857,2,5,2,46
426,Vivianne,Haton,vhatonbt@usgs.gov,Female,Business Development,Account Coordinator,215517,2,5,14,27
427,Sile,Boseley,sboseleybu@blogspot.com,Female,Support,Senior Developer,275285,2,5,17,44
428,Hansiain,Curdell,hcurdellbv@psu.edu,Male,Legal,Desktop Support Technician,40889,4,2,20,40
429,Giovanna,Schneidar,gschneidarbw@symantec.com,Female,Engineering,Research Assistant II,209158,3,5,15,29
430,Ruthe,Buntin,rbuntinbx@gnu.org,Female,Research and Development,Help Desk Operator,211572,5,3,4,24
431,Olivero,Gostick,ogostickby@lulu.com,Male,Human Resources,VP Quality Control,66577,4,5,6,31
432,Alejandro,Simper,asimperbz@mashable.com,Male,Training,Software Engineer IV,84940,4,3,13,30
433,Stanford,Lamminam,slamminamc0@nationalgeographic.com,Male,Accounting,Assistant Manager,138348,3,2,11,46
434,Camey,Hurndall,churndallc1@spiegel.de,Male,Marketing,Research Associate,183587,1,5,16,40
435,Ianthe,Strood,istroodc2@howstuffworks.com,Female,Human Resources,Product Engineer,240631,4,3,20,53
436,Chevalier,Pugh,cpughc3@scribd.com,Male,Human Resources,VP Accounting,258040,4,5,12,46
437,Ricard,Moorhouse,rmoorhousec4@theguardian.com,Male,Engineering,Librarian,190481,5,1,12,21
438,Temp,Hurworth,thurworthc5@engadget.com,Male,Engineering,Sales Associate,146631,4,4,18,37
439,Brod,Worlidge,bworlidgec6@china.com.cn,Male,Support,Analyst Programmer,69986,4,4,4,48
440,Bronny,Djorevic,bdjorevicc7@house.gov,Male,Support,Editor,44440,4,1,12,40
441,Dane,Cardenoza,dcardenozac8@bravesites.com,Male,Legal,Senior Quality Engineer,113110,3,3,17,38
442,Salim,Szymoni,sszymonic9@dagondesign.com,Male,Sales,Systems Administrator II,162245,5,3,11,38
443,Raina,Delnevo,rdelnevoca@cnet.com,Female,Engineering,Research Nurse,137310,3,5,1,42
444,Immanuel,Nannini,inanninicb@rambler.ru,Male,Accounting,Senior Editor,134868,1,4,10,31
445,Claresta,Briereton,cbrieretoncc@wordpress.org,Female,Legal,Account Coordinator,113800,1,5,10,38
446,Karole,Emer,kemercd@etsy.com,Female,Sales,Civil Engineer,111082,3,1,11,53
447,Sonnie,Mellows,smellowsce@xinhuanet.com,Male,Support,Marketing Manager,261470,1,4,6,39
448,Trixie,Skillicorn,tskillicorncf@ehow.com,Female,Engineering,Analog Circuit Design manager,30158,1,1,18,31
449,Darsie,Albany,dalbanycg@oakley.com,Female,Support,Product Engineer,48598,4,2,17,32
450,Elvin,Blanckley,eblanckleych@earthlink.net,Male,Accounting,Research Assistant III,261908,5,2,16,32
451,Timothea,Hows,thowsci@abc.net.au,Female,Product Management,Information Systems Manager,42638,2,3,3,57
452,Codie,Simes,csimescj@examiner.com,Male,Support,Biostatistician II,201594,1,5,7,23
453,Jeffrey,Ropkes,jropkesck@privacy.gov.au,Male,Business Development,Structural Analysis Engineer,257361,4,5,11,52
454,Nico,Sawart,nsawartcl@mysql.com,Male,Sales,Analyst Programmer,74206,5,2,14,43
455,Bucky,Cardinale,bcardinalecm@dagondesign.com,Male,Sales,Software Consultant,47430,4,3,9,43
456,Dalia,Gidney,dgidneycn@ihg.com,Female,Accounting,Professor,128577,3,4,6,25
457,Linus,Hudd,lhuddco@nyu.edu,Male,Services,Research Assistant I,47917,3,4,1,36
458,Morissa,Bris,mbriscp@networkadvertising.org,Female,Sales,Dental Hygienist,233745,3,1,14,44
459,Eugenia,Garrood,egarroodcq@spotify.com,Female,Services,Administrative Officer,186920,3,5,20,35
460,Art,Izacenko,aizacenkocr@over-blog.com,Male,Human Resources,Graphic Designer,158376,4,2,1,24
461,Jakob,Banat,jbanatcs@thetimes.co.uk,Male,Business Development,VP Sales,81953,1,1,4,54
462,Bianca,Thunders,bthundersct@upenn.edu,Female,Training,Social Worker,119151,1,4,20,21
463,Jamison,Zahor,jzahorcu@jiathis.com,Male,Marketing,Community Outreach Specialist,238288,3,3,14,42
464,Amargo,Claworth,aclaworthcv@about.com,Female,Business Development,Software Test Engineer I,88613,2,4,2,23
465,Hillier,Martinello,hmartinellocw@umn.edu,Male,Sales,Assistant Media Planner,247329,5,1,17,48
466,Dorthea,Haselgrove,dhaselgrovecx@g.co,Female,Business Development,Sales Associate,106165,3,5,2,34
467,Dru,Ellwell,dellwellcy@virginia.edu,Male,Human Resources,Quality Control Specialist,128451,1,4,2,53
468,Bucky,Spears,bspearscz@sitemeter.com,Male,Services,Physical Therapy Assistant,150309,4,1,17,28
469,Stearne,Gornar,sgornard0@paginegialle.it,Male,Marketing,Automation Specialist III,177292,4,2,11,54
470,Jinny,Ney,jneyd1@reference.com,Female,Support,Human Resources Assistant III,83098,4,4,3,32
471,Dominik,Killingsworth,dkillingsworthd2@istockphoto.com,Male,Services,VP Sales,94067,4,5,10,26
472,Raynor,Dallinder,rdallinderd3@spiegel.de,Male,Legal,Accountant II,140544,4,5,16,45
473,Gardie,Chisolm,gchisolmd4@icio.us,Male,Engineering,VP Marketing,115452,2,1,13,32
474,Jen,Casali,jcasalid5@springer.com,Female,Services,Chemical Engineer,182994,5,1,18,54
475,Fawn,Seal,fseald6@usda.gov,Female,Engineering,Office Assistant III,247639,1,2,5,55
476,Janos,Symmons,jsymmonsd7@zimbio.com,Male,Engineering,Physical Therapy Assistant,217036,3,4,6,46
477,Casi,Delnevo,cdelnevod8@blog.com,Female,Human Resources,Pharmacist,174046,3,5,11,23
478,Jacenta,Carrell,jcarrelld9@princeton.edu,Female,Product Management,Food Chemist,66218,3,4,15,28
479,Evvie,Atkin,eatkinda@webs.com,Female,Sales,Design Engineer,193366,5,2,7,55
480,Mickey,Frake,mfrakedb@berkeley.edu,Male,Training,Speech Pathologist,210392,4,1,11,38
481,Bert,Granham,bgranhamdc@macromedia.com,Male,Legal,Librarian,133814,2,4,7,41
482,Ade,Gawen,agawendd@hubpages.com,Male,Human Resources,Tax Accountant,87233,1,3,18,51
483,Rudd,Jaume,rjaumede@xinhuanet.com,Male,Sales,Quality Control Specialist,24385,4,1,20,32
484,Garald,Scholz,gscholzdf@cisco.com,Male,Services,Environmental Specialist,61210,4,4,8,50
485,Alyse,Coathup,acoathupdg@wunderground.com,Female,Marketing,Financial Analyst,204768,2,5,16,39
486,Edmon,Perfili,eperfilidh@cnet.com,Male,Engineering,Legal Assistant,54982,5,5,9,25
487,Scarface,Byars,sbyarsdi@example.com,Male,Training,Media Manager II,89245,3,4,15,47
488,Margret,Izod,mizoddj@jugem.jp,Female,Product Management,Civil Engineer,157889,1,3,18,28
489,Pattie,Ebourne,pebournedk@nasa.gov,Female,Legal,Accounting Assistant I,260309,3,2,10,30
490,Mela,Dodds,mdoddsdl@bloomberg.com,Female,Product Management,Computer Systems Analyst IV,71793,3,1,17,30
491,Frederic,Bliven,fblivendm@globo.com,Male,Sales,Analyst Programmer,104103,5,4,19,55
492,Guillaume,McClurg,gmcclurgdn@github.com,Male,Sales,Senior Financial Analyst,103482,4,4,4,57
493,Franny,O'Shevlin,foshevlindo@github.io,Male,Research and Development,Staff Accountant IV,100273,5,5,9,40
494,Carolynn,Vockings,cvockingsdp@youtu.be,Female,Training,Statistician II,265304,2,2,12,30
495,Anton,Woodison,awoodisondq@dmoz.org,Male,Services,Staff Accountant I,213284,3,4,5,36
496,Burty,Grigoryev,bgrigoryevdr@umich.edu,Male,Services,Programmer IV,77720,4,1,2,33
497,Aldridge,Comben,acombends@marriott.com,Male,Training,Senior Editor,262800,2,1,1,25
498,Marcelle,Baudichon,mbaudichondt@miibeian.gov.cn,Female,Sales,Environmental Specialist,176581,2,3,2,52
499,Renell,Blaisdell,rblaisdelldu@accuweather.com,Female,Business Development,Graphic Designer,266994,2,4,2,27
500,Karel,O' Lone,kolonedv@usatoday.com,Female,Marketing,Professor,93551,4,2,15,30
501,Karl,Grange,kgrangedw@addtoany.com,Male,Research and Development,Assistant Manager,143209,5,1,7,32
502,Merrill,Rouch,mrouchdx@so-net.ne.jp,Female,Sales,Financial Advisor,135005,5,3,14,21
503,Rufus,Gilkes,rgilkesdy@princeton.edu,Male,Accounting,Web Developer III,222191,4,4,16,37
504,Lin,Wild,lwilddz@aol.com,Female,Engineering,Human Resources Manager,181378,2,1,5,37
505,Bret,Houlison,bhoulisone0@eepurl.com,Male,Engineering,Geologist I,271481,5,2,7,29
506,Nolana,Measom,nmeasome1@cargocollective.com,Female,Product Management,Health Coach I,142773,1,2,3,52
507,Ranique,Mebs,rmebse2@geocities.jp,Female,Training,Structural Engineer,172662,3,4,2,38
508,Silvanus,Sarginson,ssarginsone3@drupal.org,Male,Marketing,Editor,71573,1,2,17,48
509,Dana,Glass,dglasse4@fc2.com,Female,Business Development,Social Worker,259267,2,3,10,36
510,Lutero,Ingre,lingree5@earthlink.net,Male,Research and Development,VP Marketing,195446,5,5,17,43
511,Lacey,Gowing,lgowinge6@flickr.com,Female,Human Resources,Nuclear Power Engineer,49481,3,4,16,52
512,Alice,Libbe,alibbee7@lycos.com,Female,Product Management,Staff Accountant III,96483,3,5,7,42
513,Martica,Govini,mgovinie8@t-online.de,Female,Product Management,Paralegal,130225,3,2,20,44
514,Tracie,Blackader,tblackadere9@joomla.org,Male,Business Development,Staff Accountant I,60373,4,2,9,50
515,Chrissie,Rucklesse,crucklesseea@abc.net.au,Male,Product Management,Graphic Designer,251724,5,2,5,58
516,Darci,Cornthwaite,dcornthwaiteeb@addtoany.com,Female,Marketing,Web Developer II,82714,3,4,16,32
517,Stanley,Enos,senosec@netlog.com,Male,Sales,Cost Accountant,267023,2,2,13,23
518,Daffy,Lambkin,dlambkined@over-blog.com,Female,Legal,Associate Professor,112132,5,5,11,42
519,Joyce,Grewe,jgreweee@latimes.com,Female,Marketing,Clinical Specialist,184341,5,4,19,56
520,Kip,Siddeley,ksiddeleyef@51.la,Female,Engineering,Librarian,155589,3,5,20,57
521,Dennie,Kunath,dkunatheg@wikia.com,Male,Product Management,Cost Accountant,23200,4,5,10,30
522,Artemus,Morales,amoraleseh@harvard.edu,Male,Human Resources,Senior Financial Analyst,31093,3,4,4,25
523,Johna,Hansel,jhanselei@answers.com,Female,Product Management,Health Coach III,268017,2,4,10,22
524,Halie,Endrighi,hendrighiej@over-blog.com,Female,Services,Assistant Professor,69600,5,5,13,22
525,Matthiew,Schurig,mschurigek@unblog.fr,Male,Training,Administrative Officer,199541,2,5,15,38
526,Bartolomeo,Devonish,bdevonishel@cafepress.com,Male,Human Resources,Software Engineer III,114310,5,1,6,43
527,Hartley,Cordoba,hcordobaem@technorati.com,Male,Training,Engineer IV,242909,2,5,8,31
528,Claiborne,Everly,ceverlyen@disqus.com,Male,Product Management,Data Coordinator,270200,5,3,10,49
529,Malynda,Shilburne,mshilburneeo@sakura.ne.jp,Female,Business Development,Senior Cost Accountant,142224,5,4,14,43
530,Fowler,Wadwell,fwadwellep@devhub.com,Male,Training,Tax Accountant,29410,3,5,20,51
531,Wyn,Ambroise,wambroiseeq@deliciousdays.com,Male,Research and Development,Administrative Assistant IV,194351,5,1,14,32
532,Herby,Asel,haseler@e-recht24.de,Male,Business Development,Social Worker,219829,3,1,10,54
533,Dewie,Ivie,diviees@fda.gov,Male,Business Development,Staff Accountant II,215802,4,5,17,55
534,Waite,Dyne,wdyneet@1und1.de,Male,Business Development,Research Nurse,124321,3,3,17,25
535,Bridie,Dudin,bdudineu@trellian.com,Female,Support,Software Test Engineer III,176665,1,4,10,47
536,Rudd,McMennum,rmcmennumev@wsj.com,Male,Business Development,Junior Executive,85684,3,5,17,36
537,Tammie,De Lascy,tdelascyew@google.de,Female,Human Resources,Computer Systems Analyst I,180567,3,2,10,43
538,Viviyan,Swarbrick,vswarbrickex@twitpic.com,Female,Services,Registered Nurse,138933,4,5,7,48
539,Roddy,Wrist,rwristey@google.de,Male,Business Development,VP Quality Control,142155,4,2,1,52
540,Tally,Sauvain,tsauvainez@dell.com,Female,Research and Development,Food Chemist,167493,1,5,2,24
541,Pincus,Cristoforo,pcristoforof0@mit.edu,Male,Business Development,Dental Hygienist,242113,4,2,7,32
542,Griffie,O'Scollain,goscollainf1@photobucket.com,Male,Support,Assistant Manager,172203,5,3,20,44
543,Zitella,Newdick,znewdickf2@walmart.com,Female,Training,Editor,142866,3,4,5,30
544,Moreen,Mc Queen,mmcqueenf3@histats.com,Female,Accounting,Financial Analyst,54930,1,3,5,41
545,Valenka,Adamowitz,vadamowitzf4@macromedia.com,Female,Product Management,Director of Sales,60994,2,2,1,43
546,Alica,Lammas,alammasf5@narod.ru,Female,Business Development,Statistician I,173475,4,3,2,39
547,Mort,Delgardo,mdelgardof6@yelp.com,Male,Support,VP Accounting,249639,1,2,1,53
548,Olympie,Wallenger,owallengerf7@bloglovin.com,Female,Research and Development,Information Systems Manager,179425,1,2,7,24
549,Max,Baudassi,mbaudassif8@linkedin.com,Female,Sales,Community Outreach Specialist,60875,3,5,6,51
550,Marleah,Borthwick,mborthwickf9@qq.com,Female,Research and Development,Product Engineer,183422,3,2,18,26
551,Marcellina,Cattermoul,mcattermoulfa@dion.ne.jp,Female,Support,Nuclear Power Engineer,51038,2,5,11,39
552,Genia,Henrie,ghenriefb@sphinn.com,Female,Accounting,Nuclear Power Engineer,92807,4,1,19,57
553,Loleta,Lefeuvre,llefeuvrefc@drupal.org,Female,Product Management,Account Coordinator,187293,5,2,1,29
554,Pansie,Binyon,pbinyonfd@taobao.com,Female,Marketing,Research Assistant I,266871,2,3,1,50
555,Gael,Chipping,gchippingfe@who.int,Female,Support,Product Engineer,119984,2,3,10,33
556,Willi,Nusche,wnuscheff@blogger.com,Male,Services,Web Designer III,258138,4,3,16,58
557,Susanne,Mazonowicz,smazonowiczfg@techcrunch.com,Female,Marketing,Help Desk Operator,48111,2,5,8,28
558,Clarance,Tunno,ctunnofh@reuters.com,Male,Engineering,Senior Financial Analyst,182356,5,1,16,54
559,Morey,Ibbeson,mibbesonfi@eventbrite.com,Male,Research and Development,Sales Representative,169933,5,4,1,33
560,Gregory,Chalcroft,gchalcroftfj@theguardian.com,Male,Business Development,Tax Accountant,256522,5,5,13,30
561,Doralynne,Sarvar,dsarvarfk@wix.com,Female,Business Development,Office Assistant II,266421,5,3,5,28
562,Edeline,Bawme,ebawmefl@irs.gov,Female,Engineering,Cost Accountant,56688,4,5,12,31
563,Michail,Twinning,mtwinningfm@oakley.com,Male,Training,Web Designer IV,216639,3,3,14,35
564,Catherine,Spoure,cspourefn@tmall.com,Female,Engineering,Statistician III,173427,1,3,15,43
565,Maudie,Turmel,mturmelfo@ucoz.ru,Female,Legal,Recruiter,263042,5,3,7,47
566,Siegfried,Rumbold,srumboldfp@stanford.edu,Male,Legal,Data Coordinator,251485,2,4,7,34
567,Micah,Lorkings,mlorkingsfq@google.nl,Male,Sales,Account Representative II,216127,3,3,20,53
568,Kimmy,Fieldhouse,kfieldhousefr@yale.edu,Female,Research and Development,Compensation Analyst,89207,4,4,20,23
569,Guntar,Flicker,gflickerfs@is.gd,Male,Marketing,Speech Pathologist,58743,1,3,18,41
570,Byrle,Halle,bhalleft@biglobe.ne.jp,Male,Sales,Media Manager I,207254,3,3,3,39
571,Vivienne,Jankovic,vjankovicfu@newsvine.com,Female,Product Management,Help Desk Technician,162166,4,2,13,33
572,Franni,Gockelen,fgockelenfv@simplemachines.org,Female,Research and Development,Occupational Therapist,274622,5,4,6,23
573,Joy,Daviot,jdaviotfw@wsj.com,Female,Support,Paralegal,44000,2,3,17,45
574,Ardisj,Meni,amenifx@blog.com,Female,Marketing,Internal Auditor,32530,5,4,15,39
575,Rene,Brunet,rbrunetfy@newyorker.com,Male,Accounting,Project Manager,252005,2,3,12,22
576,Hilton,Brind,hbrindfz@shutterfly.com,Male,Services,Administrative Assistant III,65473,5,2,1,44
577,Winna,Margetts,wmargettsg0@woothemes.com,Female,Engineering,Budget/Accounting Analyst II,83763,2,3,6,25
578,Saul,Fitzharris,sfitzharrisg1@stumbleupon.com,Male,Engineering,Community Outreach Specialist,50221,1,5,3,30
579,Clyde,Downgate,cdowngateg2@hubpages.com,Male,Accounting,Software Test Engineer III,214466,1,5,17,31
580,Cyrillus,Chisolm,cchisolmg3@marketwatch.com,Male,Support,Executive Secretary,45492,3,4,10,58
581,Binny,Villar,bvillarg4@theguardian.com,Female,Sales,Systems Administrator III,172768,4,4,13,30
582,Liv,Bwye,lbwyeg5@so-net.ne.jp,Female,Services,Staff Scientist,68810,2,2,9,41
583,Creight,Davidek,cdavidekg6@omniture.com,Male,Research and Development,Administrative Officer,106669,2,5,2,45
584,Caleb,Livett,clivettg7@oakley.com,Male,Engineering,Recruiting Manager,271640,4,5,4,47
585,Tibold,Dulinty,tdulintyg8@privacy.gov.au,Male,Product Management,Automation Specialist II,239284,5,1,11,23
586,Keslie,Glasspool,kglasspoolg9@printfriendly.com,Female,Training,Clinical Specialist,236430,3,3,18,40
587,Lawrence,Eles,lelesga@youku.com,Male,Engineering,Data Coordinator,50551,3,2,1,38
588,Cullie,Haddick,chaddickgb@thetimes.co.uk,Male,Accounting,Financial Analyst,188876,1,1,14,57
589,Huntlee,Spatarul,hspatarulgc@51.la,Male,Research and Development,Marketing Manager,200107,2,3,16,53
590,Bourke,Roalfe,broalfegd@sun.com,Male,Marketing,General Manager,151076,3,1,3,48
591,Durward,Serotsky,dserotskyge@google.com.au,Male,Business Development,Community Outreach Specialist,186787,3,2,5,24
592,Abbie,Breslane,abreslanegf@yahoo.com,Female,Services,Research Assistant IV,221392,1,5,6,26
593,Rhonda,Wulfinger,rwulfingergg@odnoklassniki.ru,Female,Engineering,Nurse Practicioner,129297,3,1,2,52
594,Claudius,Firmin,cfirmingh@blogs.com,Male,Services,Mechanical Systems Engineer,67142,5,3,11,40
595,Elia,Medler,emedlergi@xing.com,Male,Research and Development,Geological Engineer,264817,3,2,4,44
596,Worth,Witter,wwittergj@technorati.com,Male,Business Development,General Manager,131879,1,5,16,40
597,Hewitt,Cordoba,hcordobagk@list-manage.com,Male,Support,Database Administrator IV,152851,5,4,18,21
598,Marthena,Haresnape,mharesnapegl@mail.ru,Female,Training,Tax Accountant,28724,3,3,8,55
599,Giffard,Ross,grossgm@flavors.me,Male,Support,Speech Pathologist,133561,4,2,8,29
600,Wilhelmine,Suscens,wsuscensgn@weather.com,Female,Services,Sales Representative,167516,1,3,8,58
601,Roberta,McIver,rmcivergo@house.gov,Female,Engineering,Safety Technician IV,55818,4,3,13,26
602,Corby,Krystof,ckrystofgp@jalbum.net,Male,Legal,Software Test Engineer II,277746,2,1,13,54
603,Ody,Beynon,obeynongq@stumbleupon.com,Male,Training,Staff Accountant II,140141,2,4,7,26
604,Florentia,Crux,fcruxgr@squidoo.com,Female,Legal,Data Coordinator,148184,3,1,11,30
605,Gypsy,Emberson,gembersongs@globo.com,Female,Legal,Financial Analyst,65946,3,3,2,25
606,Glennie,Barthelme,gbarthelmegt@dmoz.org,Female,Services,Director of Sales,203192,4,4,20,42
607,Gretel,Robun,grobungu@vimeo.com,Female,Engineering,Chief Design Engineer,26683,2,3,6,49
608,Luca,Robottham,lrobotthamgv@twitpic.com,Male,Accounting,Business Systems Development Analyst,186925,2,4,15,37
609,Maridel,Gartland,mgartlandgw@ox.ac.uk,Female,Legal,Operator,28343,2,5,14,58
610,Mathe,Bumpas,mbumpasgx@ezinearticles.com,Male,Legal,Media Manager I,252431,2,2,15,38
611,Ronnie,Kures,rkuresgy@tumblr.com,Female,Accounting,Financial Advisor,252495,1,5,15,31
612,Mead,Sirman,msirmangz@indiatimes.com,Male,Support,Staff Scientist,199846,4,5,18,54
613,Sue,Mercey,smerceyh0@myspace.com,Female,Accounting,Compensation Analyst,225282,3,2,9,25
614,Murial,Duffield,mduffieldh1@squidoo.com,Female,Research and Development,Electrical Engineer,63474,4,2,13,25
615,Tarra,Gheorghescu,tgheorghescuh2@booking.com,Female,Research and Development,Software Consultant,267492,3,5,8,24
616,Parsifal,Daviot,pdavioth3@netvibes.com,Male,Accounting,Software Engineer IV,123174,5,3,9,47
617,Pattie,Stelli,pstellih4@chronoengine.com,Male,Product Management,Database Administrator I,43462,4,3,20,35
618,Chloe,Thorley,cthorleyh5@answers.com,Female,Support,Administrative Officer,110674,4,3,15,56
619,Olly,Tancock,otancockh6@livejournal.com,Female,Sales,Senior Cost Accountant,122235,4,4,11,33
620,Esteban,Fidele,efideleh7@networkadvertising.org,Male,Support,Chief Design Engineer,115676,1,5,16,56
621,Romeo,Vakhonin,rvakhoninh8@washington.edu,Male,Engineering,Operator,126719,4,1,7,54
622,Tally,Jennaway,tjennawayh9@aol.com,Male,Training,Database Administrator II,230860,4,2,19,21
623,Timmie,Tiron,ttironha@godaddy.com,Male,Accounting,Biostatistician I,193049,4,1,1,50
624,Zachery,Dutnell,zdutnellhb@elpais.com,Male,Marketing,Assistant Professor,159477,4,4,9,27
625,Jefferson,Riggey,jriggeyhc@php.net,Male,Training,Electrical Engineer,43608,3,2,12,49
626,Daniella,Dobrovsky,ddobrovskyhd@guardian.co.uk,Female,Training,Research Nurse,209364,5,2,1,29
627,Georgi,Scarfe,gscarfehe@unblog.fr,Male,Legal,Pharmacist,243262,5,1,19,34
628,Loree,Urwin,lurwinhf@typepad.com,Female,Sales,Product Engineer,81513,2,4,16,44
629,Tilly,Thorold,tthoroldhg@europa.eu,Female,Product Management,Speech Pathologist,223737,2,1,3,23
630,Godard,Heinlein,gheinleinhh@nyu.edu,Male,Human Resources,Budget/Accounting Analyst III,231447,2,4,3,56
631,Belva,Cricket,bcrickethi@pbs.org,Female,Research and Development,Business Systems Development Analyst,194419,1,2,3,48
632,Westbrooke,Oxtiby,woxtibyhj@hc360.com,Male,Services,Senior Quality Engineer,169869,2,3,9,49
633,Lanita,Poundford,lpoundfordhk@hostgator.com,Female,Training,Editor,86686,5,4,8,43
634,Connie,Prestie,cprestiehl@friendfeed.com,Female,Accounting,Environmental Specialist,190118,1,5,11,48
635,Burlie,Tickner,bticknerhm@google.com.au,Male,Support,Sales Associate,233466,3,3,11,22
636,Skipp,Hurch,shurchhn@nasa.gov,Male,Business Development,Media Manager I,90327,4,5,2,27
637,Sharla,Brimson,sbrimsonho@harvard.edu,Female,Training,Structural Analysis Engineer,54743,5,4,1,48
638,Callie,Roome,croomehp@so-net.ne.jp,Female,Business Development,Physical Therapy Assistant,43011,5,3,13,21
639,Tomkin,Tremble,ttremblehq@wufoo.com,Male,Sales,Database Administrator I,49197,3,2,10,58
640,Tremain,Celle,tcellehr@opensource.org,Male,Training,Nurse,265291,2,5,8,24
641,Merridie,Ledbury,mledburyhs@earthlink.net,Female,Marketing,Staff Scientist,69296,1,5,18,46
642,Eulalie,Richardson,erichardsonht@bandcamp.com,Female,Legal,Web Developer II,24173,4,2,1,49
643,Eldridge,Clawson,eclawsonhu@hatena.ne.jp,Male,Business Development,Staff Accountant II,105083,1,2,20,24
644,Alain,Gorriessen,agorriessenhv@usatoday.com,Male,Sales,Software Consultant,146131,5,1,2,22
645,Nada,Coultass,ncoultasshw@cbc.ca,Female,Engineering,Engineer III,250253,3,5,1,37
646,Pris,Guswell,pguswellhx@fotki.com,Female,Sales,Human Resources Assistant I,211689,5,3,19,58
647,Michaella,Kleinert,mkleinerthy@sohu.com,Female,Human Resources,Mechanical Systems Engineer,181700,2,4,4,53
648,Allin,Davitt,adavitthz@ameblo.jp,Male,Accounting,VP Product Management,110006,2,1,10,53
649,Nestor,Colbron,ncolbroni0@sina.com.cn,Male,Training,Administrative Assistant II,51006,3,4,11,47
650,Kirby,Huckerby,khuckerbyi1@cdc.gov,Female,Accounting,VP Quality Control,88423,4,3,16,34
651,Barth,MacGovern,bmacgoverni2@salon.com,Male,Marketing,Payment Adjustment Coordinator,156016,4,5,9,34
652,Leontine,McRoberts,lmcrobertsi3@ucsd.edu,Female,Product Management,Recruiter,111483,1,2,3,48
653,Kelsi,Matthews,kmatthewsi4@gizmodo.com,Female,Legal,Electrical Engineer,88967,3,3,18,33
654,Siusan,Derrick,sderricki5@webs.com,Female,Legal,Actuary,141149,2,5,5,49
655,Helyn,Adshede,hadshedei6@github.com,Female,Training,Assistant Manager,132345,1,5,14,38
656,Willette,Wenn,wwenni7@squidoo.com,Female,Training,Senior Sales Associate,167311,4,3,8,35
657,Albie,Overy,aoveryi8@ebay.com,Male,Human Resources,GIS Technical Architect,58882,5,4,3,45
658,Rupert,Elvins,relvinsi9@guardian.co.uk,Male,Training,Clinical Specialist,91195,1,2,19,23
659,Jeane,Amis,jamisia@wsj.com,Female,Human Resources,Quality Engineer,130458,4,1,20,29
660,Bat,Brackley,bbrackleyib@jugem.jp,Male,Support,Software Test Engineer II,139855,2,4,9,46
661,Juliet,Bes,jbesic@ebay.co.uk,Female,Services,Senior Editor,122911,5,3,1,50
662,Sheila-kathryn,Boughtflower,sboughtflowerid@buzzfeed.com,Female,Marketing,Recruiting Manager,122392,1,2,8,51
663,Web,Faill,wfaillie@bloomberg.com,Male,Marketing,Help Desk Technician,72433,3,1,4,33
664,Mollie,Lovering,mloveringif@ft.com,Female,Business Development,Librarian,29445,1,3,11,23
665,Pietra,Crome,pcromeig@liveinternet.ru,Female,Accounting,Programmer IV,123096,5,3,13,22
666,Marja,Dibley,mdibleyih@google.it,Female,Legal,Accountant IV,233709,3,5,16,36
667,Stesha,Bassill,sbassillii@alexa.com,Female,Legal,Statistician IV,51536,2,5,3,32
668,Adelaide,Epsly,aepslyij@mediafire.com,Female,Research and Development,Chief Design Engineer,229149,3,5,8,29
669,Johnathon,Zeale,jzealeik@google.com.hk,Male,Support,Quality Engineer,148469,1,4,11,22
670,Adara,Delagnes,adelagnesil@phoca.cz,Female,Business Development,Computer Systems Analyst III,234805,4,5,2,38
671,Webb,Dudson,wdudsonim@google.co.jp,Male,Sales,Cost Accountant,180821,1,5,7,24
672,Tom,Nezey,tnezeyin@guardian.co.uk,Male,Accounting,VP Marketing,244791,4,5,7,53
673,Goldy,Drinnan,gdrinnanio@themeforest.net,Female,Engineering,Chief Design Engineer,265506,2,1,16,29
674,Charisse,Brightling,cbrightlingip@google.ru,Female,Accounting,Speech Pathologist,207496,2,2,11,35
675,Alvira,Rispine,arispineiq@time.com,Female,Business Development,Design Engineer,47112,5,1,6,24
676,Courtnay,Embra,cembrair@princeton.edu,Male,Training,Graphic Designer,23107,2,1,9,53
677,Nat,McCallum,nmccallumis@europa.eu,Male,Human Resources,Human Resources Manager,143065,4,5,6,30
678,Calvin,Gonsalo,cgonsaloit@slideshare.net,Male,Training,Legal Assistant,271390,1,4,17,25
679,Carlin,Lidster,clidsteriu@ovh.net,Male,Accounting,Electrical Engineer,130659,2,3,9,54
680,Elmer,Dolphin,edolphiniv@squarespace.com,Male,Training,Web Designer I,261655,2,1,13,36
681,Kellen,Oxtiby,koxtibyiw@msn.com,Male,Legal,Marketing Assistant,167157,1,1,12,53
682,Conn,Pearce,cpearceix@examiner.com,Male,Research and Development,Senior Editor,95784,2,3,14,36
683,Kippie,Astling,kastlingiy@webnode.com,Male,Marketing,Systems Administrator II,215030,3,5,5,49
684,Talbert,Worral,tworraliz@chron.com,Male,Product Management,Teacher,188865,5,2,7,30
685,Leda,Liversidge,lliversidgej0@cnn.com,Female,Business Development,Web Designer II,272664,5,4,2,44
686,Theadora,Rielly,triellyj1@hexun.com,Female,Services,Pharmacist,79856,4,5,16,44
687,Tan,Stidworthy,tstidworthyj2@cpanel.net,Male,Engineering,Senior Developer,180797,4,5,13,25
688,Gannie,Culverhouse,gculverhousej3@comsenz.com,Male,Services,Clinical Specialist,209670,2,1,12,39
689,Alair,Wilfing,awilfingj4@hubpages.com,Male,Legal,Occupational Therapist,251737,2,1,14,40
690,Catha,Chatwin,cchatwinj5@soup.io,Female,Legal,Engineer II,232629,2,2,11,26
691,Joli,Cracknall,jcracknallj6@facebook.com,Female,Business Development,Systems Administrator II,118628,4,3,2,29
692,Shannon,Whitnell,swhitnellj7@constantcontact.com,Male,Training,Structural Engineer,24935,1,2,10,25
693,Derron,Ellcome,dellcomej8@auda.org.au,Male,Engineering,Help Desk Operator,267692,4,4,12,22
694,Emmerich,Barrowcliff,ebarrowcliffj9@tripadvisor.com,Male,Engineering,Internal Auditor,74319,2,1,2,33
695,Amil,Lineen,alineenja@cloudflare.com,Female,Research and Development,Product Engineer,248304,1,3,18,33
696,Beverley,Shingler,bshinglerjb@hhs.gov,Female,Marketing,VP Sales,77788,5,2,13,40
697,Nadean,Scurlock,nscurlockjc@webnode.com,Female,Services,Associate Professor,97905,1,2,13,43
698,Tomlin,Stourton,tstourtonjd@imgur.com,Male,Training,Junior Executive,181646,3,3,18,38
699,Regan,Howling,rhowlingje@hexun.com,Female,Accounting,Research Associate,214760,2,5,15,58
700,Mikel,Capenor,mcapenorjf@cnn.com,Male,Business Development,Director of Sales,38761,5,4,15,43
701,Cyndi,Balassa,cbalassajg@cam.ac.uk,Female,Engineering,Web Designer IV,156689,1,3,20,23
702,Rogers,Wogdon,rwogdonjh@ask.com,Male,Research and Development,Chief Design Engineer,181987,2,2,16,41
703,Alfy,Dugall,adugallji@about.me,Male,Business Development,Data Coordinator,36071,1,3,11,22
704,Caty,Brakespear,cbrakespearjj@weebly.com,Female,Human Resources,Pharmacist,35222,5,1,8,57
705,Rees,Stive,rstivejk@opera.com,Male,Support,Software Consultant,242294,1,1,18,35
706,Larry,Barhims,lbarhimsjl@cbc.ca,Male,Product Management,Senior Quality Engineer,68274,2,1,12,26
707,Gunar,Varga,gvargajm@cdc.gov,Male,Accounting,Human Resources Assistant I,109270,5,2,12,21
708,De,Domingues,ddominguesjn@oakley.com,Female,Services,Electrical Engineer,130117,5,1,2,58
709,Herby,Bichener,hbichenerjo@google.com.au,Male,Accounting,Administrative Assistant III,59417,1,4,4,42
710,Sarge,Kupka,skupkajp@dion.ne.jp,Male,Engineering,Environmental Tech,64547,2,1,14,33
711,Cindra,Best,cbestjq@youtube.com,Female,Product Management,Registered Nurse,136240,5,4,9,57
712,Avivah,Izkovitz,aizkovitzjr@ted.com,Female,Product Management,Nurse Practicioner,113551,3,4,16,23
713,Malcolm,Keaton,mkeatonjs@nationalgeographic.com,Male,Services,Senior Quality Engineer,191794,5,5,6,21
714,Beau,Naul,bnauljt@ocn.ne.jp,Male,Business Development,Occupational Therapist,23745,2,5,11,30
715,Skipton,Meert,smeertju@surveymonkey.com,Male,Sales,Executive Secretary,275603,3,4,17,39
716,Ancell,Farnaby,afarnabyjv@npr.org,Male,Product Management,Accountant III,97124,4,3,6,34
717,Rodrick,Darington,rdaringtonjw@sciencedaily.com,Male,Sales,Media Manager IV,157892,2,1,4,30
718,Wain,Purcell,wpurcelljx@bravesites.com,Male,Support,Junior Executive,82387,1,5,2,30
719,Olivette,Tarver,otarverjy@arstechnica.com,Female,Support,Budget/Accounting Analyst II,94849,4,5,4,47
720,Luciano,Tetther,ltettherjz@cpanel.net,Male,Accounting,Desktop Support Technician,144657,5,1,1,48
721,Obadias,Klemz,oklemzk0@discovery.com,Male,Sales,Help Desk Technician,266934,3,5,5,35
722,Korie,Ranvoise,kranvoisek1@vinaora.com,Female,Research and Development,Assistant Manager,231845,2,4,5,27
723,Michel,Ballendine,mballendinek2@sakura.ne.jp,Male,Services,Associate Professor,117155,2,4,15,41
724,Andra,Jendrusch,ajendruschk3@fema.gov,Female,Business Development,Design Engineer,90841,4,1,17,44
725,Joyan,Bog,jbogk4@hp.com,Female,Sales,Database Administrator I,202583,4,1,19,44
726,Dell,Swetland,dswetlandk5@dropbox.com,Male,Product Management,Senior Developer,263159,1,3,1,35
727,Bryant,MacKaig,bmackaigk6@senate.gov,Male,Accounting,VP Marketing,263852,5,5,3,26
728,Henka,Heppenspall,hheppenspallk7@kickstarter.com,Female,Marketing,Engineer I,208756,3,5,1,43
729,Carlotta,Winders,cwindersk8@toplist.cz,Female,Marketing,VP Marketing,141954,4,3,19,36
730,Madel,Kempson,mkempsonk9@ca.gov,Female,Legal,Administrative Assistant IV,222390,4,3,1,40
731,Onofredo,Jahns,ojahnska@ucoz.com,Male,Research and Development,Analog Circuit Design manager,29683,3,4,6,50
732,Angie,Budleigh,abudleighkb@sitemeter.com,Female,Human Resources,Accounting Assistant I,215288,4,5,13,48
733,Elene,Blackster,eblacksterkc@weibo.com,Female,Business Development,Executive Secretary,199043,1,1,8,44
734,Jen,Toderini,jtoderinikd@timesonline.co.uk,Female,Engineering,Clinical Specialist,166634,4,3,1,27
735,Guinna,Campelli,gcampellike@goodreads.com,Female,Support,Financial Analyst,248502,2,4,12,23
736,Dee,Lude,dludekf@vimeo.com,Female,Business Development,Statistician IV,71850,4,4,14,50
737,Deirdre,Harmeston,dharmestonkg@telegraph.co.uk,Female,Training,Recruiting Manager,71747,5,3,3,36
738,Otha,Farres,ofarreskh@businesswire.com,Female,Research and Development,Nurse,200204,2,2,4,51
739,Dallas,Birkby,dbirkbyki@ow.ly,Female,Services,Speech Pathologist,167047,1,3,8,37
740,Demetris,De Angelis,ddeangeliskj@nydailynews.com,Male,Engineering,Software Engineer III,241772,2,2,3,39
741,Arin,Sellen,asellenkk@reverbnation.com,Male,Research and Development,Analyst Programmer,207743,1,3,9,45
742,Ramona,Sinnock,rsinnockkl@usgs.gov,Female,Human Resources,Environmental Specialist,256256,2,2,13,21
743,Meta,Brooker,mbrookerkm@bbb.org,Female,Human Resources,Nurse Practicioner,113949,1,1,19,44
744,Jacinda,Bain,jbainkn@auda.org.au,Female,Legal,Librarian,151829,1,1,10,49
745,Virge,Lerwell,vlerwellko@joomla.org,Male,Marketing,Product Engineer,193193,3,4,11,55
746,Giustina,Mathely,gmathelykp@mit.edu,Female,Engineering,Executive Secretary,218333,1,5,16,56
747,Gracia,Shearsby,gshearsbykq@wufoo.com,Female,Legal,Graphic Designer,242704,1,1,12,40
748,Rutger,Durtnel,rdurtnelkr@hao123.com,Male,Support,Quality Control Specialist,70152,4,3,13,21
749,Sly,Verdey,sverdeyks@netlog.com,Male,Accounting,Assistant Media Planner,107642,3,3,7,35
750,Dani,Novak,dnovakkt@irs.gov,Male,Marketing,Speech Pathologist,148213,2,1,12,27
751,Englebert,McNeill,emcneillku@aol.com,Male,Legal,Account Coordinator,152729,2,4,7,47
752,Carlota,Gianni,cgiannikv@ucoz.ru,Female,Training,Biostatistician IV,93291,3,2,10,56
753,Jilli,Perroni,jperronikw@newsvine.com,Female,Business Development,Design Engineer,56089,3,1,7,32
754,Emmery,Lisciandro,elisciandrokx@geocities.jp,Male,Human Resources,Assistant Professor,179627,2,4,17,39
755,Angel,Janjusevic,ajanjusevicky@unesco.org,Female,Sales,GIS Technical Architect,148495,3,5,6,51
756,Brendon,Radden,braddenkz@tiny.cc,Male,Research and Development,Associate Professor,111162,4,4,6,42
757,Denni,Foad,dfoadl0@360.cn,Female,Training,Environmental Tech,206508,3,5,5,41
758,Katie,Niaves,kniavesl1@4shared.com,Female,Business Development,Senior Financial Analyst,163756,2,3,5,52
759,Henri,Korfmann,hkorfmannl2@springer.com,Male,Training,Programmer I,203100,5,2,11,43
760,Estella,Tripean,etripeanl3@cocolog-nifty.com,Female,Research and Development,Budget/Accounting Analyst IV,255117,5,5,6,50
761,Anetta,Rodder,arodderl4@ucoz.ru,Female,Engineering,Geologist III,90601,5,5,14,55
762,Brade,Hiley,bhileyl5@thetimes.co.uk,Male,Support,Budget/Accounting Analyst I,161469,2,3,9,35
763,Ken,Crofts,kcroftsl6@tuttocitta.it,Male,Support,VP Product Management,167135,4,3,3,21
764,Ogden,de Clerk,odeclerkl7@skype.com,Male,Support,Web Developer II,111334,3,2,4,29
765,Wanda,Hurdman,whurdmanl8@apple.com,Female,Support,Professor,177850,4,5,20,58
766,Aimee,Rapper,arapperl9@weibo.com,Female,Marketing,Food Chemist,167210,3,4,17,44
767,Horacio,Sollitt,hsollittla@epa.gov,Male,Training,Community Outreach Specialist,265948,3,5,10,48
768,Hart,Dumbarton,hdumbartonlb@springer.com,Male,Sales,Safety Technician II,194954,3,4,4,39
769,Kit,Hassin,khassinlc@youtu.be,Male,Training,Director of Sales,145805,4,5,18,44
770,Jermaine,Jahan,jjahanld@google.ru,Female,Engineering,Chief Design Engineer,190749,5,3,11,27
771,Kali,Crewes,kcrewesle@shinystat.com,Female,Human Resources,Quality Control Specialist,62927,5,5,12,24
772,Melamie,Brundill,mbrundilllf@howstuffworks.com,Female,Marketing,Analog Circuit Design manager,220241,1,3,20,28
773,Vincenz,Dublin,vdublinlg@yahoo.co.jp,Male,Product Management,Physical Therapy Assistant,51518,2,5,11,26
774,Celine,Beincken,cbeinckenlh@51.la,Female,Marketing,Librarian,60604,2,4,20,25
775,Tobit,Vasilkov,tvasilkovli@europa.eu,Male,Sales,Recruiting Manager,202178,5,1,13,31
776,Madelin,Mattioni,mmattionilj@macromedia.com,Female,Sales,Community Outreach Specialist,61903,5,4,4,30
777,Illa,Ratchford,iratchfordlk@hao123.com,Female,Training,Programmer II,199150,2,2,16,50
778,Isiahi,Durak,idurakll@ebay.co.uk,Male,Support,Human Resources Manager,84583,4,3,6,49
779,Ana,Farmiloe,afarmiloelm@flickr.com,Female,Marketing,Engineer II,96306,5,2,8,54
780,Bradney,Leonard,bleonardln@walmart.com,Male,Business Development,Health Coach III,86300,2,1,1,31
781,Lars,Durdle,ldurdlelo@samsung.com,Male,Human Resources,Senior Cost Accountant,210889,3,4,3,24
782,Temple,Trafford,ttraffordlp@blogs.com,Male,Support,Assistant Manager,215704,2,5,16,58
783,Adrien,Haggith,ahaggithlq@ed.gov,Male,Business Development,Assistant Media Planner,97597,5,4,7,26
784,Jacob,Casado,jcasadolr@nasa.gov,Male,Legal,Teacher,33262,4,3,15,48
785,Cloe,Baxster,cbaxsterls@e-recht24.de,Female,Services,Occupational Therapist,150609,3,5,12,49
786,Ethelred,Mutlow,emutlowlt@house.gov,Male,Services,Chemical Engineer,54050,2,4,5,31
787,Thelma,Coulson,tcoulsonlu@naver.com,Female,Training,Project Manager,257180,4,2,17,21
788,Daryl,Toogood,dtoogoodlv@hexun.com,Female,Services,Senior Developer,28686,2,5,2,51
789,Katya,Ashenhurst,kashenhurstlw@census.gov,Female,Human Resources,Chemical Engineer,268158,1,2,5,56
790,Jessey,Baudin,jbaudinlx@zdnet.com,Male,Support,Research Associate,204904,1,2,12,39
791,Kenny,Cotte,kcottely@free.fr,Male,Marketing,Help Desk Technician,197703,3,2,14,43
792,Tiff,Hobden,thobdenlz@buzzfeed.com,Female,Services,Electrical Engineer,112821,1,3,9,49
793,Annora,McPake,amcpakem0@wunderground.com,Female,Sales,Biostatistician IV,190613,3,3,14,40
794,Max,Symmons,msymmonsm1@sfgate.com,Male,Training,Physical Therapy Assistant,187673,1,2,20,56
795,Hadlee,Kassel,hkasselm2@hatena.ne.jp,Male,Training,Administrative Officer,130425,1,2,18,28
796,Erinna,Uccelli,euccellim3@columbia.edu,Female,Legal,Assistant Media Planner,24814,2,2,20,45
797,Salvidor,Freyn,sfreynm4@globo.com,Male,Business Development,Occupational Therapist,77023,1,5,5,42
798,Brade,Assel,basselm5@github.io,Male,Accounting,Actuary,203545,3,3,6,24
799,Stillmann,Giamelli,sgiamellim6@washington.edu,Male,Support,Senior Financial Analyst,51617,4,2,6,47
800,Carroll,Jakoviljevic,cjakoviljevicm7@ow.ly,Female,Services,Statistician II,194948,2,5,8,49
801,Thornie,Pail,tpailm8@skyrock.com,Male,Services,Web Developer I,69795,2,3,18,58
802,Angelia,Ewen,aewenm9@usatoday.com,Female,Product Management,Internal Auditor,230192,4,4,12,51
803,Buddy,Rea,breama@telegraph.co.uk,Male,Engineering,Structural Engineer,92880,4,5,4,40
804,Shaun,Magrannell,smagrannellmb@soup.io,Male,Support,GIS Technical Architect,76574,2,5,18,37
805,Malorie,Hebron,mhebronmc@delicious.com,Female,Business Development,VP Accounting,244510,2,1,14,50
806,Starlin,Gentzsch,sgentzschmd@cargocollective.com,Female,Research and Development,Operator,94613,5,2,10,45
807,Benni,Tibbs,btibbsme@themeforest.net,Female,Services,Engineer IV,67187,1,1,20,41
808,Erick,McPike,emcpikemf@imageshack.us,Male,Human Resources,VP Product Management,265792,5,3,17,30
809,Faydra,MacParland,fmacparlandmg@nbcnews.com,Female,Business Development,Cost Accountant,110917,3,5,9,46
810,Lani,Threadkell,lthreadkellmh@harvard.edu,Female,Human Resources,Data Coordinator,117863,3,1,1,25
811,Kendra,Inglefield,kinglefieldmi@dyndns.org,Female,Human Resources,Account Executive,74088,4,4,3,42
812,Bradan,Pauling,bpaulingmj@cbslocal.com,Male,Services,Graphic Designer,154118,5,3,8,32
813,Andreana,Mixhel,amixhelmk@desdev.cn,Female,Support,Assistant Media Planner,270101,3,4,17,55
814,Sigfried,Snuggs,ssnuggsml@prweb.com,Male,Sales,Programmer I,236187,1,2,10,50
815,Abrahan,Colbourn,acolbournmm@psu.edu,Male,Accounting,Civil Engineer,146002,1,2,3,38
816,Nollie,Vaszoly,nvaszolymn@360.cn,Male,Training,Human Resources Assistant IV,58282,4,2,5,51
817,Lutero,Morilla,lmorillamo@house.gov,Male,Sales,Developer IV,179479,5,1,18,48
818,Justinn,Pudsey,jpudseymp@google.ca,Female,Services,Actuary,89674,4,2,15,25
819,Reid,Lamasna,rlamasnamq@hostgator.com,Male,Research and Development,Research Nurse,196954,5,1,3,52
820,Jacynth,Leet,jleetmr@myspace.com,Female,Support,Help Desk Technician,155265,3,4,1,51
821,Bartholomeus,Hindenburg,bhindenburgms@deliciousdays.com,Male,Training,Software Consultant,208733,5,3,17,46
822,Bentley,Kropach,bkropachmt@nymag.com,Male,Human Resources,Structural Engineer,222935,5,4,13,26
823,Shannen,Coolahan,scoolahanmu@cnbc.com,Female,Marketing,Structural Analysis Engineer,182114,2,5,7,32
824,Esme,Banane,ebananemv@4shared.com,Female,Product Management,Project Manager,26232,1,4,2,41
825,Ariela,Filyukov,afilyukovmw@posterous.com,Female,Sales,Senior Developer,92182,3,1,11,29
826,Cly,Beckwith,cbeckwithmx@digg.com,Male,Support,Compensation Analyst,164295,1,4,14,48
827,Demetris,Nalder,dnaldermy@instagram.com,Female,Product Management,Nurse,31182,3,3,6,30
828,Way,Sharrard,wsharrardmz@ted.com,Male,Training,Administrative Assistant III,120669,3,1,16,37
829,Frank,Womersley,fwomersleyn0@prlog.org,Male,Human Resources,Media Manager I,97937,4,3,19,24
830,Torey,Santoro,tsantoron1@acquirethisname.com,Male,Training,Recruiting Manager,172439,2,4,15,42
831,Guinna,Noury,gnouryn2@goo.gl,Female,Support,Executive Secretary,64474,1,3,17,46
832,Bird,McBride,bmcbriden3@howstuffworks.com,Female,Engineering,Structural Engineer,241180,3,3,7,48
833,Mayer,Ropcke,mropcken4@wired.com,Male,Marketing,Web Designer I,91237,3,5,5,28
834,Fons,Pyffe,fpyffen5@twitter.com,Male,Training,Structural Engineer,253255,4,4,16,22
835,Alethea,Lanfare,alanfaren6@addthis.com,Female,Accounting,Cost Accountant,43143,4,4,5,35
836,Mahmoud,Arkill,markilln7@skyrock.com,Male,Training,Information Systems Manager,85593,2,3,2,43
837,Buddy,Billany,bbillanyn8@rambler.ru,Male,Human Resources,Research Assistant III,202266,2,2,9,43
838,Loutitia,Ashcroft,lashcroftn9@freewebs.com,Female,Research and Development,Director of Sales,37219,1,5,8,36
839,Ashby,McAuslan,amcauslanna@time.com,Male,Human Resources,Internal Auditor,209728,2,1,14,23
840,Minerva,Boud,mboudnb@mapy.cz,Female,Legal,Operator,37828,4,1,7,32
841,Alair,Hackly,ahacklync@baidu.com,Male,Engineering,Graphic Designer,228063,2,3,19,49
842,Dun,Megarry,dmegarrynd@spiegel.de,Male,Engineering,Chief Design Engineer,83691,4,1,16,25
843,Jeno,Nunan,jnunanne@shutterfly.com,Male,Product Management,Budget/Accounting Analyst I,99126,2,2,5,52
844,Jennie,Metheringham,jmetheringhamnf@yellowpages.com,Female,Services,Professor,166945,4,5,9,51
845,Evey,Millier,emillierng@blog.com,Female,Training,Business Systems Development Analyst,219472,1,2,19,57
846,Fanchette,Haylett,fhaylettnh@google.co.uk,Female,Support,VP Sales,85161,4,1,12,43
847,Friedrick,Harsum,fharsumni@house.gov,Male,Marketing,VP Quality Control,130405,2,3,15,56
848,Joshia,Challice,jchallicenj@wiley.com,Male,Legal,VP Product Management,155255,1,4,4,40
849,Denys,Brightey,dbrighteynk@virginia.edu,Male,Training,Senior Editor,136724,5,2,6,58
850,Aloise,Bigland,abiglandnl@hubpages.com,Female,Human Resources,Business Systems Development Analyst,212018,1,2,19,24
851,Don,Baddow,dbaddownm@nymag.com,Male,Accounting,Administrative Assistant I,32230,1,1,3,27
852,Parsifal,Aldhous,paldhousnn@washington.edu,Male,Research and Development,Clinical Specialist,145780,3,3,18,58
853,Lilllie,Lengthorn,llengthornno@google.nl,Female,Sales,Project Manager,265854,3,4,12,26
854,Nathanael,Swigger,nswiggernp@surveymonkey.com,Male,Research and Development,Tax Accountant,246305,5,2,4,42
855,Stanwood,Laidler,slaidlernq@weather.com,Male,Accounting,Financial Analyst,28477,4,2,16,47
856,Natty,Ambler,namblernr@cloudflare.com,Male,Accounting,Physical Therapy Assistant,131735,3,2,19,57
857,Adelle,Chartman,achartmanns@zdnet.com,Female,Services,Senior Developer,203556,3,3,18,57
858,Justus,Onians,joniansnt@yahoo.com,Male,Support,Senior Developer,189903,4,3,17,27
859,Lanae,Sherborne,lsherbornenu@engadget.com,Female,Business Development,Office Assistant III,36894,5,2,8,48
860,Tammi,Yakobowitz,tyakobowitznv@prnewswire.com,Female,Accounting,Quality Engineer,76859,3,4,3,29
861,Jacquelyn,Fishenden,jfishendennw@blogtalkradio.com,Female,Legal,Programmer IV,90868,1,1,12,57
862,Caryn,Ashburne,cashburnenx@businessinsider.com,Female,Support,Geologist I,89670,3,1,4,40
863,Mallory,Healks,mhealksny@theglobeandmail.com,Female,Business Development,Data Coordinator,139931,1,3,10,50
864,Winslow,Redgate,wredgatenz@mac.com,Male,Engineering,VP Marketing,248972,5,2,13,24
865,Loydie,Candlin,lcandlino0@skyrock.com,Male,Accounting,General Manager,42338,3,3,17,22
866,Martie,Timperley,mtimperleyo1@nature.com,Female,Product Management,Information Systems Manager,129309,1,1,11,39
867,Cherilyn,Kassman,ckassmano2@miitbeian.gov.cn,Female,Business Development,Payment Adjustment Coordinator,236501,5,1,4,34
868,Yale,Davenhill,ydavenhillo3@blogtalkradio.com,Male,Legal,Systems Administrator III,152542,3,3,20,30
869,Alasteir,O'Shavlan,aoshavlano4@home.pl,Male,Research and Development,Software Consultant,274261,2,4,15,37
870,Gun,De Robertis,gderobertiso5@vkontakte.ru,Male,Engineering,VP Accounting,206656,1,1,10,55
871,Rupert,Helin,rhelino6@newyorker.com,Male,Sales,Database Administrator I,28037,5,4,10,54
872,Jeffie,Willas,jwillaso7@home.pl,Male,Business Development,Recruiter,208127,5,3,18,36
873,Orion,Dowson,odowsono8@4shared.com,Male,Legal,Senior Editor,234224,1,4,6,38
874,Barnabe,Willmer,bwillmero9@ow.ly,Male,Engineering,Data Coordinator,248485,4,4,16,40
875,Hubie,McLaverty,hmclavertyoa@vinaora.com,Male,Business Development,Human Resources Manager,239283,4,5,10,33
876,Halsy,Burdytt,hburdyttob@constantcontact.com,Male,Product Management,Assistant Media Planner,207265,4,5,11,54
877,Yorke,Doody,ydoodyoc@webmd.com,Male,Legal,Administrative Assistant I,249315,4,2,4,37
878,Delphinia,Agent,dagentod@indiatimes.com,Female,Services,Research Nurse,224684,3,5,10,50
879,Aldrich,Hoopper,ahoopperoe@ameblo.jp,Male,Research and Development,Actuary,145764,1,3,15,47
880,Arabela,Gowling,agowlingof@businessinsider.com,Female,Training,Product Engineer,142376,1,1,18,57
881,Lamont,Fenelon,lfenelonog@edublogs.org,Male,Marketing,Data Coordinator,178378,3,3,2,51
882,Cristen,Robertsson,crobertssonoh@patch.com,Female,Accounting,Database Administrator III,248908,5,5,14,41
883,Solomon,Veck,sveckoi@opera.com,Male,Product Management,Human Resources Manager,230766,3,3,14,39
884,Nettie,Bettison,nbettisonoj@desdev.cn,Female,Support,Biostatistician II,256702,3,3,18,37
885,Buddy,Vardie,bvardieok@spotify.com,Male,Support,Legal Assistant,137673,5,1,13,26
886,Marcelia,Aynsley,maynsleyol@economist.com,Female,Training,Teacher,87820,5,2,20,53
887,Benoit,Canland,bcanlandom@google.com,Male,Marketing,Geologist III,137030,2,4,16,54
888,Cleve,Jeduch,cjeduchon@miibeian.gov.cn,Male,Sales,Research Associate,137026,5,5,16,55
889,Adriana,Lidgate,alidgateoo@stanford.edu,Female,Accounting,Office Assistant III,138783,1,3,7,38
890,Adrien,Moyce,amoyceop@mayoclinic.com,Male,Support,Data Coordinator,176074,2,3,16,22
891,Boote,Leisman,bleismanoq@google.com.au,Male,Support,Human Resources Manager,161770,2,5,2,40
892,Toiboid,Frantzeni,tfrantzenior@patch.com,Male,Services,Geological Engineer,145056,2,2,3,55
893,Diane-marie,Moakler,dmoakleros@google.fr,Female,Engineering,Information Systems Manager,190802,4,4,16,49
894,Hestia,McFeate,hmcfeateot@walmart.com,Female,Research and Development,Analyst Programmer,195995,2,4,17,27
895,Erina,Jikovsky,ejikovskyou@odnoklassniki.ru,Female,Marketing,Quality Engineer,237478,3,4,20,33
896,Wren,McCritichie,wmccritichieov@salon.com,Female,Training,Automation Specialist IV,198131,2,4,9,43
897,Jeni,Sullens,jsullensow@dot.gov,Female,Human Resources,Programmer Analyst IV,53701,3,4,16,50
898,Hilary,Nourse,hnourseox@patch.com,Male,Services,Paralegal,206023,3,1,13,26
899,Hortense,Hardaway,hhardawayoy@gravatar.com,Female,Research and Development,Sales Representative,214095,3,2,3,58
900,Tiphani,Malicki,tmalickioz@liveinternet.ru,Female,Legal,Project Manager,87869,1,5,10,36
901,Terrance,Haversum,thaversump0@sphinn.com,Male,Services,Account Executive,116261,1,2,15,39
902,Devland,Rasmus,drasmusp1@geocities.jp,Male,Research and Development,Librarian,215011,1,5,16,38
903,Cassandra,Coleshill,ccoleshillp2@instagram.com,Female,Research and Development,Accountant III,85223,5,5,5,47
904,Lynett,Helin,lhelinp3@w3.org,Female,Accounting,Analog Circuit Design manager,75331,1,2,5,54
905,Arnold,Clowton,aclowtonp4@accuweather.com,Male,Support,Statistician III,159247,2,4,3,45
906,Ara,Falconer,afalconerp5@simplemachines.org,Male,Product Management,Electrical Engineer,95084,2,2,1,31
907,Helene,McFfaden,hmcffadenp6@salon.com,Female,Business Development,Account Representative I,254934,5,5,14,37
908,Constantina,Wigan,cwiganp7@usda.gov,Female,Product Management,Administrative Assistant IV,35062,1,1,12,53
909,Fannie,Tabbernor,ftabbernorp8@ning.com,Female,Human Resources,Analyst Programmer,140669,5,2,13,26
910,Pooh,Furby,pfurbyp9@virginia.edu,Female,Services,VP Quality Control,107665,3,1,8,21
911,Tomkin,Khadir,tkhadirpa@yolasite.com,Male,Marketing,Human Resources Assistant I,222618,1,5,15,48
912,Ariana,Squirrel,asquirrelpb@fema.gov,Female,Business Development,Help Desk Technician,224374,2,3,9,58
913,Blair,Abisetti,babisettipc@usgs.gov,Female,Training,Database Administrator II,51254,3,5,5,47
914,Herrick,Palatini,hpalatinipd@ftc.gov,Male,Support,Administrative Assistant IV,135620,3,2,8,36
915,El,Dundredge,edundredgepe@wp.com,Male,Marketing,VP Marketing,190718,4,1,9,54
916,Cybill,Jervoise,cjervoisepf@ftc.gov,Female,Training,Web Designer III,57085,4,2,11,31
917,Catriona,Goodie,cgoodiepg@myspace.com,Female,Sales,Chief Design Engineer,126830,1,2,9,40
918,Nikita,Cartner,ncartnerph@statcounter.com,Male,Marketing,Programmer I,209907,3,3,19,47
919,Ty,Maruska,tmaruskapi@weather.com,Male,Services,Biostatistician II,77401,4,3,18,36
920,Estella,Spence,espencepj@sciencedaily.com,Female,Services,Community Outreach Specialist,135015,3,1,20,34
921,Bree,Miskin,bmiskinpk@bigcartel.com,Female,Engineering,Research Nurse,74182,3,1,9,21
922,Deerdre,Pagon,dpagonpl@wired.com,Female,Product Management,Systems Administrator I,50686,5,5,18,49
923,Sherm,Callaghan,scallaghanpm@scribd.com,Male,Marketing,Product Engineer,230736,1,5,8,27
924,Avril,Storror,astorrorpn@nyu.edu,Female,Business Development,Web Designer IV,156447,4,3,15,45
925,Almira,Clemmow,aclemmowpo@mapquest.com,Female,Support,Software Consultant,254144,1,2,20,43
926,Dukey,Van Der Weedenburg,dvanderweedenburgpp@unblog.fr,Male,Support,Cost Accountant,227051,3,2,13,35
927,Myca,Tooth,mtoothpq@msn.com,Male,Accounting,Database Administrator I,238612,3,3,14,46
928,Giacobo,Revett,grevettpr@networksolutions.com,Male,Product Management,Media Manager I,86016,2,4,7,30
929,Betsey,Ramsbotham,bramsbothamps@bravesites.com,Female,Engineering,Statistician I,74161,1,1,11,56
930,Micky,McMoyer,mmcmoyerpt@mapy.cz,Female,Accounting,Staff Scientist,233914,2,3,14,42
931,Konstanze,Barkway,kbarkwaypu@godaddy.com,Female,Sales,Safety Technician II,59242,3,3,10,53
932,Bret,Halpen,bhalpenpv@census.gov,Male,Research and Development,Environmental Tech,32689,5,4,5,55
933,Austina,Realph,arealphpw@oakley.com,Female,Sales,Recruiting Manager,270102,4,1,18,57
934,Leese,McMorran,lmcmorranpx@oracle.com,Female,Product Management,Electrical Engineer,37672,2,2,2,35
935,Blane,Muscott,bmuscottpy@netscape.com,Male,Business Development,Nurse Practicioner,179800,3,1,10,54
936,Casie,Cramp,ccramppz@instagram.com,Female,Human Resources,Data Coordinator,42611,2,4,2,51
937,Roze,Ensor,rensorq0@mayoclinic.com,Female,Research and Development,Human Resources Assistant IV,90736,5,4,4,34
938,Kimbell,Heinrich,kheinrichq1@barnesandnoble.com,Male,Sales,Project Manager,202396,2,2,8,54
939,Adham,Simm,asimmq2@yelp.com,Male,Accounting,Engineer I,267294,5,3,15,33
940,Nanci,Spada,nspadaq3@gnu.org,Female,Marketing,Staff Accountant II,227524,2,2,13,34
941,Mile,Matanin,mmataninq4@microsoft.com,Male,Sales,Desktop Support Technician,144479,4,4,4,22
942,Ramonda,Sheara,rshearaq5@noaa.gov,Female,Product Management,Safety Technician III,76349,3,1,9,43
943,Anett,McKeand,amckeandq6@alexa.com,Female,Training,Automation Specialist II,100978,2,5,3,28
944,Sauveur,Arrow,sarrowq7@slate.com,Male,Research and Development,Recruiting Manager,264344,5,3,19,43
945,Arin,Zoane,azoaneq8@ifeng.com,Male,Engineering,Internal Auditor,150717,1,3,2,43
946,Berni,Spafford,bspaffordq9@qq.com,Female,Services,Media Manager I,254804,2,4,9,52
947,Guy,Gherardi,ggherardiqa@patch.com,Male,Human Resources,Financial Analyst,52743,5,5,16,52
948,Aurelea,Keeney,akeeneyqb@goodreads.com,Female,Research and Development,Research Associate,100475,1,4,2,35
949,Dimitri,Jarry,djarryqc@ft.com,Male,Sales,Programmer Analyst I,107902,3,4,3,57
950,Lura,Labbati,llabbatiqd@myspace.com,Female,Services,Database Administrator IV,153017,1,3,17,33
951,Taddeusz,Belison,tbelisonqe@umich.edu,Male,Legal,Research Nurse,155857,5,2,12,52
952,Hunt,Felkin,hfelkinqf@washington.edu,Male,Legal,Administrative Assistant IV,132655,3,2,7,40
953,Dorise,Extence,dextenceqg@multiply.com,Female,Accounting,Administrative Assistant I,54516,3,4,12,38
954,Ernst,MacAscaidh,emacascaidhqh@pbs.org,Male,Training,Data Coordinator,66616,5,5,3,41
955,Dreddy,Lefley,dlefleyqi@ucoz.com,Female,Accounting,Mechanical Systems Engineer,27273,3,3,19,56
956,Tansy,Brabbins,tbrabbinsqj@geocities.com,Female,Product Management,Environmental Tech,180056,1,1,6,31
957,Marylinda,Fontell,mfontellqk@google.cn,Female,Accounting,Administrative Officer,50922,5,3,13,44
958,Baudoin,Raddin,braddinql@angelfire.com,Male,Product Management,Software Engineer II,274965,4,2,18,47
959,Cross,Rase,craseqm@163.com,Male,Sales,Research Nurse,51347,1,4,14,41
960,Myrvyn,Malitrott,mmalitrottqn@prnewswire.com,Male,Training,Database Administrator III,274807,1,5,2,30
961,Bert,Haville,bhavilleqo@boston.com,Male,Marketing,Analog Circuit Design manager,90200,2,5,10,55
962,Eveline,Proger,eprogerqp@moonfruit.com,Female,Services,Assistant Manager,41179,2,5,16,25
963,Cletis,Curtis,ccurtisqq@bloglovin.com,Male,Sales,Internal Auditor,113053,1,3,5,53
964,Jody,Gilhoolie,jgilhoolieqr@geocities.com,Male,Research and Development,Dental Hygienist,144150,1,1,15,49
965,Claus,Chatband,cchatbandqs@jiathis.com,Male,Legal,General Manager,195034,5,3,6,54
966,Royal,Linn,rlinnqt@miibeian.gov.cn,Male,Engineering,Dental Hygienist,134124,2,2,15,26
967,Parke,Leadston,pleadstonqu@addtoany.com,Male,Legal,Quality Engineer,207291,3,3,15,53
968,Amos,Stanford,astanfordqv@php.net,Male,Human Resources,Financial Advisor,35046,4,4,20,55
969,Martie,Roycroft,mroycroftqw@irs.gov,Male,Accounting,Marketing Manager,87323,1,2,10,49
970,Kirby,Carbin,kcarbinqx@t.co,Female,Training,Web Developer IV,187216,2,3,17,54
971,Prue,McKenney,pmckenneyqy@independent.co.uk,Female,Sales,Registered Nurse,61133,3,4,20,23
972,Rafaelita,Coupar,rcouparqz@time.com,Female,Support,Librarian,78221,1,5,11,45
973,Connie,South,csouthr0@cloudflare.com,Male,Human Resources,Desktop Support Technician,130281,2,2,2,58
974,Arvie,Kilcoyne,akilcoyner1@slate.com,Male,Engineering,Paralegal,49102,4,5,2,21
975,Janek,Cinelli,jcinellir2@google.pl,Male,Business Development,Assistant Professor,177052,5,2,14,33
976,Penrod,Sallier,psallierr3@devhub.com,Male,Services,General Manager,105176,4,1,18,25
977,Debera,Turmall,dturmallr4@jiathis.com,Female,Accounting,Chief Design Engineer,260160,5,5,13,22
978,Sean,Huntly,shuntlyr5@prlog.org,Female,Legal,Research Assistant II,29851,2,2,16,51
979,Yvonne,Serck,yserckr6@123-reg.co.uk,Female,Engineering,VP Quality Control,41938,4,1,3,35
980,Hyatt,Dwerryhouse,hdwerryhouser7@icio.us,Male,Research and Development,Information Systems Manager,226543,5,2,18,43
981,Olivette,Hannaby,ohannabyr8@xing.com,Female,Engineering,Community Outreach Specialist,93524,5,4,4,45
982,Adriaens,Easman,aeasmanr9@google.pl,Female,Training,Marketing Manager,216911,5,5,12,28
983,Thedrick,Dallender,tdallenderra@virginia.edu,Male,Engineering,Systems Administrator IV,275298,3,5,11,41
984,Iosep,Horley,ihorleyrb@a8.net,Male,Accounting,Financial Analyst,25440,1,3,14,39
985,Mort,Quigley,mquigleyrc@paypal.com,Male,Marketing,VP Accounting,263968,3,5,18,43
986,Orin,Nye,onyerd@macromedia.com,Male,Sales,Software Engineer II,216368,2,2,7,30
987,Reynard,Blewitt,rblewittre@businessweek.com,Male,Human Resources,Sales Representative,135373,2,1,15,44
988,Taite,Benedek,tbenedekrf@mail.ru,Male,Accounting,General Manager,81384,4,3,19,35
989,Noby,Eam,neamrg@tuttocitta.it,Male,Product Management,Paralegal,258816,3,3,8,25
990,Lindie,Egginton,leggintonrh@youtu.be,Female,Business Development,Developer II,50026,5,5,9,56
991,Donall,Varney,dvarneyri@pagesperso-orange.fr,Male,Product Management,Web Developer III,84018,4,4,11,42
992,Annis,Mee,ameerj@columbia.edu,Female,Legal,Health Coach II,132568,2,5,17,54
993,Cesya,Merrifield,cmerrifieldrk@stanford.edu,Female,Support,Assistant Media Planner,196301,5,4,18,27
994,Biron,Penright,bpenrightrl@sina.com.cn,Male,Engineering,Structural Analysis Engineer,132731,1,1,19,44
995,Guido,Attenbarrow,gattenbarrowrm@icq.com,Male,Marketing,Engineer III,205800,3,3,18,40
996,Pyotr,Ferreres,pferreresrn@cbsnews.com,Male,Research and Development,Account Coordinator,93806,5,1,2,39
997,Levey,Quare,lquarero@washingtonpost.com,Male,Business Development,Dental Hygienist,237572,2,2,7,44
998,Noland,Jeckells,njeckellsrp@ask.com,Male,Marketing,VP Accounting,135428,3,2,17,40
999,Lazare,Kubik,lkubikrq@webs.com,Male,Human Resources,Payment Adjustment Coordinator,261322,4,5,16,28
1000,Nev,Cammomile,ncammomilerr@patch.com,Male,Human Resources,Registered Nurse,129787,4,1,20,57
