id,first_name,last_name,email,Sex,Department,Role,Salary,Performance,Satisfaction,Tenure,Age
1,Erie,Worden,eworden0@free.fr,Male,Business Development,Speech Pathologist,236446,2,5,10,56
2,Renie,Coalburn,rcoalburn1@nhs.uk,Female,Research and Development,Account Representative II,61481,2,1,8,47
3,Major,Lusgdin,mlusgdin2@unc.edu,Male,Marketing,Safety Technician I,48807,1,2,4,31
4,Cybil,O'Hollegan,cohollegan3@howstuffworks.com,Female,Marketing,Editor,76257,2,2,9,21
5,Ber,Testo,btesto4@japanpost.jp,Male,Support,Help Desk Operator,180826,1,4,20,29
6,Wynnie,Volette,wvolette5@toplist.cz,Female,Product Management,Nurse,275242,4,1,16,38
7,Jena,Stute,jstute6@tiny.cc,Female,Sales,VP Product Management,141291,5,2,11,51
8,Bordie,Dickins,bdickins7@mac.com,Male,Support,Staff Scientist,210903,1,3,17,24
9,Tersina,Hammill,thammill8@soup.io,Female,Business Development,Operator,114869,3,3,7,38
10,Rowney,Donegan,rdonegan9@hud.gov,Male,Services,Systems Administrator II,23191,4,4,7,26
11,Stefa,Schlagh,sschlagha@auda.org.au,Female,Support,Occupational Therapist,277147,4,1,11,46
12,Lorrin,Erswell,lerswellb@devhub.com,Female,Sales,Recruiting Manager,203558,3,1,17,49
13,Anson,Aingel,aaingelc@bloglovin.com,Male,Support,Marketing Assistant,183530,4,1,1,48
14,Huberto,Kintzel,hkintzeld@canalblog.com,Male,Services,Financial Analyst,210476,1,5,10,24
15,Audie,Scrivener,ascrivenere@spiegel.de,Female,Accounting,Social Worker,134355,4,3,4,39
16,Zelig,Yurkin,zyurkinf@engadget.com,Male,Research and Development,Quality Engineer,59406,4,1,4,50
17,Nalani,Fullagar,nfullagarg@umn.edu,Female,Business Development,Database Administrator III,217563,4,1,14,31
18,Filia,Phizackarley,fphizackarleyh@shop-pro.jp,Female,Business Development,Operator,276338,5,4,5,39
19,Patten,Lowdwell,plowdwelli@ameblo.jp,Male,Legal,Pharmacist,203903,1,1,12,39
20,Rees,Hanhardt,rhanhardtj@abc.net.au,Male,Sales,Community Outreach Specialist,271896,3,1,6,28
21,Willie,Cove,wcovek@infoseek.co.jp,Male,Training,Speech Pathologist,238533,4,4,7,28
22,Wynn,Riddington,wriddingtonl@miitbeian.gov.cn,Male,Product Management,Environmental Tech,204366,4,3,11,22
23,Serene,Sides,ssidesm@dedecms.com,Female,Accounting,Health Coach IV,273843,5,3,7,26
24,Shayla,Tenpenny,stenpennyn@photobucket.com,Female,Human Resources,Environmental Specialist,173977,1,2,16,41
25,Tess,Zorener,tzorenero@nsw.gov.au,Female,Sales,Librarian,27446,5,4,4,39
26,Shermie,Foskett,sfoskettp@indiatimes.com,Male,Research and Development,Software Consultant,79569,4,5,12,21
27,De,Quade,dquadeq@quantcast.com,Female,Engineering,Internal Auditor,106246,3,4,15,38
28,Rakel,Gabbot,rgabbotr@sina.com.cn,Female,Product Management,Operator,88042,3,4,13,25
29,Bendite,Amner,bamners@1688.com,Female,Research and Development,Director of Sales,59364,5,2,2,22
30,Esta,Thacker,ethackert@blogspot.com,Female,Training,Automation Specialist II,191892,3,1,15,50
31,Georgi,Haresign,gharesignu@studiopress.com,Male,Legal,Software Engineer III,30980,3,4,15,56
32,Cleopatra,Bruins,cbruinsv@miitbeian.gov.cn,Female,Services,Software Test Engineer III,250101,5,5,18,24
33,Biddy,Blabber,bblabberw@ifeng.com,Female,Marketing,Structural Analysis Engineer,73878,1,5,5,56
34,Tonia,Wiggington,twiggingtonx@imdb.com,Female,Business Development,Senior Editor,108725,3,1,3,47
35,Ermanno,Hamson,ehamsony@w3.org,Male,Accounting,Media Manager II,139517,4,4,13,54
36,Dorri,Boyd,dboydz@e-recht24.de,Female,Support,Senior Cost Accountant,67040,4,5,5,42
37,Tatiania,Andrysiak,tandrysiak10@twitter.com,Female,Human Resources,GIS Technical Architect,203952,4,2,1,44
38,Vale,Aleksahkin,valeksahkin11@tiny.cc,Male,Marketing,Teacher,181521,4,5,17,34
39,Kory,Greenhouse,kgreenhouse12@bloglovin.com,Male,Training,Chemical Engineer,57552,3,3,20,47
40,Colly,Poxson,cpoxson13@aboutads.info,Female,Engineering,Senior Editor,247081,1,3,9,56
41,Margeaux,Edelmann,medelmann14@woothemes.com,Female,Human Resources,Registered Nurse,245466,4,2,10,35
42,Ransom,Ortner,rortner15@sciencedaily.com,Male,Business Development,Automation Specialist IV,60101,1,5,6,46
43,Channa,Ostridge,costridge16@patch.com,Female,Legal,Senior Editor,82950,5,5,2,40
44,Shari,Jerdein,sjerdein17@odnoklassniki.ru,Female,Services,Director of Sales,75176,5,3,16,28
45,Mikey,Olijve,molijve18@mayoclinic.com,Male,Engineering,Nurse,222658,3,4,9,39
46,Farah,Barthelmes,fbarthelmes19@dyndns.org,Female,Research and Development,Database Administrator IV,27530,4,3,4,30
47,Devondra,Jailler,djailler1a@ihg.com,Female,Research and Development,Project Manager,101819,2,5,2,39
48,Keriann,Hadlee,khadlee1b@histats.com,Female,Marketing,Operator,147860,2,3,2,52
49,Odetta,Dandison,odandison1c@nifty.com,Female,Human Resources,Quality Control Specialist,202717,3,4,3,36
50,Fons,Savile,fsavile1d@newsvine.com,Male,Legal,Actuary,67894,5,4,1,28
51,Gloriane,Whittlesee,gwhittlesee1e@toplist.cz,Female,Engineering,Account Executive,201677,3,3,15,51
52,Lazarus,Rouff,lrouff1f@wp.com,Male,Marketing,Recruiting Manager,232771,5,1,16,56
53,Paulette,Skene,pskene1g@trellian.com,Female,Engineering,Developer III,228353,5,1,8,43
54,Sayres,Heugle,sheugle1h@baidu.com,Male,Research and Development,Research Nurse,270053,1,4,9,38
55,Gerrie,Verson,gverson1i@engadget.com,Female,Marketing,Environmental Specialist,45236,3,3,13,49
56,Lazarus,Conachie,lconachie1j@alibaba.com,Male,Human Resources,Human Resources Assistant III,228152,1,5,13,45
57,Gery,Samwell,gsamwell1k@angelfire.com,Male,Sales,Senior Financial Analyst,101404,2,3,15,43
58,Arley,Buckhurst,abuckhurst1l@163.com,Male,Human Resources,Technical Writer,169171,4,1,9,33
59,Antone,Linny,alinny1m@google.com,Male,Services,Physical Therapy Assistant,156088,2,1,20,47
60,Colin,Eberle,ceberle1n@yolasite.com,Male,Research and Development,Physical Therapy Assistant,28822,2,5,17,55
61,Quintilla,Haack,qhaack1o@skype.com,Female,Legal,Budget/Accounting Analyst II,110671,3,2,10,58
62,Wilek,Teideman,wteideman1p@amazon.co.jp,Male,Sales,Data Coordinator,112901,1,1,10,55
63,Dulce,Henrion,dhenrion1q@comcast.net,Female,Accounting,Professor,75484,5,2,5,31
64,Payton,Burch,pburch1r@addtoany.com,Male,Engineering,Chief Design Engineer,74029,2,2,5,42
65,Redford,Brotherhead,rbrotherhead1s@blogger.com,Male,Product Management,Developer III,178223,5,1,19,24
66,Aldous,Goggins,agoggins1t@chron.com,Male,Product Management,Cost Accountant,120455,4,5,4,43
67,Lishe,Gellett,lgellett1u@toplist.cz,Female,Accounting,Database Administrator III,94031,1,2,9,30
68,Bjorn,Strelitz,bstrelitz1v@sourceforge.net,Male,Accounting,Electrical Engineer,181397,3,5,9,48
69,Kathe,Pittwood,kpittwood1w@theatlantic.com,Female,Services,Database Administrator IV,261965,5,2,3,42
70,Darell,Coveley,dcoveley1x@chron.com,Female,Services,Software Test Engineer III,29059,2,4,14,39
71,Shelby,Ardy,sardy1y@creativecommons.org,Male,Business Development,Assistant Professor,90802,5,4,17,35
72,Rosette,Stirton,rstirton1z@4shared.com,Female,Marketing,Senior Developer,118796,2,1,20,55
73,Doug,Makin,dmakin20@earthlink.net,Male,Product Management,Cost Accountant,171972,3,5,13,24
74,Titus,Kulic,tkulic21@soup.io,Male,Support,Research Nurse,96389,5,4,14,31
75,Wyatan,Iddenden,widdenden22@ted.com,Male,Product Management,Quality Engineer,185585,3,2,5,23
76,Rianon,Banes,rbanes23@desdev.cn,Female,Marketing,Geologist II,244606,5,5,2,58
77,Wright,McGaughey,wmcgaughey24@theguardian.com,Male,Legal,Statistician IV,145941,3,1,19,52
78,Dante,Benza,dbenza25@cocolog-nifty.com,Male,Services,Tax Accountant,200647,4,1,16,50
79,Mada,Cursey,mcursey26@example.com,Female,Engineering,Sales Associate,117242,3,5,18,35
80,Lucretia,Laurens,llaurens27@networkadvertising.org,Female,Business Development,Senior Editor,141656,2,5,10,49
81,Chanda,Giacomoni,cgiacomoni28@amazon.com,Female,Legal,Dental Hygienist,202894,1,1,20,55
82,Nester,Headings,nheadings29@latimes.com,Male,Marketing,Software Engineer II,96150,1,1,13,58
83,Hercules,Hurrell,hhurrell2a@spiegel.de,Male,Support,Human Resources Manager,153747,5,1,18,36
84,Natka,Cassely,ncassely2b@google.com,Female,Research and Development,Paralegal,95315,1,3,18,46
85,Chloette,Louisot,clouisot2c@globo.com,Female,Product Management,Geologist IV,180406,5,5,4,53
86,Nanon,Jennings,njennings2d@aol.com,Female,Training,Senior Financial Analyst,75225,5,2,5,48
87,Price,Waterson,pwaterson2e@slashdot.org,Male,Sales,Automation Specialist IV,159065,2,1,11,40
88,Josephine,Morson,jmorson2f@loc.gov,Female,Human Resources,Computer Systems Analyst I,267275,2,3,9,37
89,Worth,Pedro,wpedro2g@over-blog.com,Male,Support,Editor,120021,4,3,13,54
90,Constanta,Crasford,ccrasford2h@blogger.com,Female,Human Resources,Nuclear Power Engineer,36783,3,2,6,51
91,Peirce,Le Merchant,plemerchant2i@simplemachines.org,Male,Product Management,Actuary,236614,3,4,10,35
92,Morgan,Gibbetts,mgibbetts2j@altervista.org,Female,Research and Development,Professor,63385,1,1,8,30
93,Mozes,Bernier,mbernier2k@tripod.com,Male,Research and Development,Senior Sales Associate,155949,5,2,19,28
94,Bibbye,Harling,bharling2l@hhs.gov,Female,Human Resources,Mechanical Systems Engineer,273057,1,1,11,35
95,Wilbur,Heeks,wheeks2m@cmu.edu,Male,Legal,Environmental Tech,101110,4,1,11,27
96,Darcie,McWhannel,dmcwhannel2n@vimeo.com,Female,Human Resources,Chief Design Engineer,122334,3,4,3,41
97,Breanne,Pacquet,bpacquet2o@blogs.com,Female,Business Development,Staff Scientist,65415,3,3,3,41
98,Ethelred,Padefield,epadefield2p@google.nl,Male,Support,Civil Engineer,57543,1,4,10,42
99,Helge,Dunlap,hdunlap2q@privacy.gov.au,Female,Business Development,Pharmacist,59174,1,2,10,54
100,Arlie,Canham,acanham2r@plala.or.jp,Female,Human Resources,Senior Cost Accountant,216490,5,3,6,29
101,Yardley,Flay,yflay2s@google.it,Male,Research and Development,Staff Scientist,32449,2,3,3,54
102,Valentine,Stearnes,vstearnes2t@miitbeian.gov.cn,Female,Engineering,Senior Financial Analyst,82712,1,2,3,30
103,Ros,Capelin,rcapelin2u@businesswire.com,Female,Services,VP Accounting,156279,4,1,15,49
104,Farley,Glazyer,fglazyer2v@omniture.com,Male,Sales,Health Coach I,135002,4,1,11,29
105,Waldemar,Scardafield,wscardafield2w@themeforest.net,Male,Product Management,Senior Cost Accountant,138204,5,5,12,43
106,Gardie,Vowden,gvowden2x@cloudflare.com,Male,Marketing,Web Designer III,111891,5,1,10,38
107,Nikolai,Peeters,npeeters2y@tuttocitta.it,Male,Engineering,Senior Financial Analyst,213008,3,1,16,41
108,Den,Attock,dattock2z@army.mil,Male,Sales,Research Associate,50026,1,5,1,49
109,Traci,Swains,tswains30@jigsy.com,Female,Sales,Financial Advisor,119185,5,5,6,54
110,Joan,Mattson,jmattson31@ibm.com,Female,Research and Development,Marketing Assistant,221420,2,3,18,50
111,Isidora,Moretto,imoretto32@histats.com,Female,Business Development,Account Executive,235137,3,3,4,47
112,Kailey,Quarless,kquarless33@zdnet.com,Female,Sales,Librarian,51464,1,2,11,52
113,Lek,Basey,lbasey34@diigo.com,Male,Research and Development,Recruiter,235328,5,4,20,50
114,Howey,Azemar,hazemar35@dot.gov,Male,Research and Development,Desktop Support Technician,143549,5,2,11,52
115,Sascha,Tookill,stookill36@naver.com,Female,Product Management,Data Coordinator,96180,5,3,1,52
116,Dare,Sommer,dsommer37@webnode.com,Male,Research and Development,Accountant II,117094,4,4,7,38
117,Grayce,Sangwin,gsangwin38@ow.ly,Female,Services,Computer Systems Analyst I,168145,3,2,1,36
118,Cly,Annwyl,cannwyl39@hp.com,Male,Sales,Staff Scientist,176682,5,3,11,54
119,Roth,Bygrove,rbygrove3a@histats.com,Male,Human Resources,Senior Developer,241580,4,5,7,56
120,Mildrid,Flucks,mflucks3b@istockphoto.com,Female,Human Resources,VP Marketing,189833,3,4,18,31
121,Genevra,Lynds,glynds3c@yale.edu,Female,Training,Analyst Programmer,255210,1,2,5,55
122,Brigg,Scoggin,bscoggin3d@linkedin.com,Male,Research and Development,Senior Editor,25501,4,1,7,57
123,Ashla,Dingwall,adingwall3e@istockphoto.com,Female,Research and Development,Account Representative II,36670,5,4,4,43
124,Troy,Snaith,tsnaith3f@comsenz.com,Male,Accounting,VP Accounting,79156,4,5,18,27
125,Anthiathia,Capeloff,acapeloff3g@etsy.com,Female,Research and Development,Analog Circuit Design manager,181878,1,5,13,49
126,Gearard,Stickels,gstickels3h@tripadvisor.com,Male,Accounting,Information Systems Manager,134979,5,1,15,58
127,Becky,Eby,beby3i@baidu.com,Female,Support,VP Product Management,38332,3,2,5,35
128,Laurene,Angrove,langrove3j@aboutads.info,Female,Research and Development,Financial Advisor,104533,1,4,13,35
129,Beverley,Filkov,bfilkov3k@wikipedia.org,Female,Legal,Software Test Engineer I,71735,4,2,9,44
130,Stanley,Bonevant,sbonevant3l@goodreads.com,Male,Training,Payment Adjustment Coordinator,40418,5,4,2,36
131,Kip,Vasin,kvasin3m@harvard.edu,Male,Business Development,Research Associate,222695,5,4,17,56
132,Townsend,Clutten,tclutten3n@altervista.org,Male,Research and Development,Software Test Engineer II,204438,5,1,10,36
133,Smith,Fant,sfant3o@shinystat.com,Male,Sales,Data Coordinator,48573,5,1,9,29
134,Irving,Reddel,ireddel3p@pagesperso-orange.fr,Male,Engineering,Systems Administrator IV,112592,3,5,4,32
135,Gawen,Thrustle,gthrustle3q@youtu.be,Male,Sales,Physical Therapy Assistant,193516,4,3,20,35
136,Friedrich,Henriquet,fhenriquet3r@storify.com,Male,Support,Mechanical Systems Engineer,64943,5,4,10,36
137,Marven,Clever,mclever3s@multiply.com,Male,Engineering,Chemical Engineer,274698,1,4,1,57
138,Bord,Semiraz,bsemiraz3t@shutterfly.com,Male,Marketing,Biostatistician III,50617,5,4,20,32
139,Sigismundo,Pointon,spointon3u@jiathis.com,Male,Services,Help Desk Technician,84540,4,3,16,52
140,Brooks,Karpmann,bkarpmann3v@baidu.com,Female,Sales,Social Worker,239987,3,3,14,26
141,Jean,Balk,jbalk3w@ameblo.jp,Female,Engineering,Human Resources Assistant IV,109120,1,3,13,55
142,Annmarie,Houndson,ahoundson3x@ucoz.com,Female,Services,Structural Engineer,67030,4,3,2,39
143,Shaun,Oylett,soylett3y@jalbum.net,Male,Human Resources,Developer III,85701,3,5,3,39
144,Lillian,Brimmicombe,lbrimmicombe3z@is.gd,Female,Support,Technical Writer,205674,5,1,6,28
145,Bartie,Tromans,btromans40@rakuten.co.jp,Male,Services,Director of Sales,45962,3,1,4,21
146,Ashla,Collumbine,acollumbine41@bizjournals.com,Female,Sales,Physical Therapy Assistant,34462,3,4,1,41
147,Kesley,Brambley,kbrambley42@marriott.com,Female,Business Development,Account Coordinator,167556,1,2,12,39
148,Ginelle,Tummasutti,gtummasutti43@tinypic.com,Female,Legal,Programmer IV,101277,3,2,5,39
149,Hurlee,Van Daalen,hvandaalen44@bbc.co.uk,Male,Business Development,Environmental Specialist,122796,3,4,14,24
150,Ferd,Leonarde,fleonarde45@myspace.com,Male,Product Management,Programmer Analyst I,257917,1,1,9,54
151,Tome,LeEstut,tleestut46@ted.com,Male,Research and Development,Technical Writer,52748,5,1,6,29
152,Marianna,Mulvany,mmulvany47@army.mil,Female,Human Resources,Pharmacist,79430,1,3,15,29
153,Gilbert,Nockles,gnockles48@stumbleupon.com,Male,Accounting,Human Resources Assistant IV,238037,1,5,17,37
154,Si,Starten,sstarten49@cdbaby.com,Male,Services,Media Manager I,240113,5,4,4,55
155,Angy,Assender,aassender4a@ca.gov,Female,Business Development,Office Assistant III,67676,5,5,10,56
156,Grethel,Greger,ggreger4b@house.gov,Female,Services,Design Engineer,114435,5,1,9,48
157,Yvette,Ipsley,yipsley4c@baidu.com,Female,Accounting,Senior Financial Analyst,237362,4,3,7,51
158,Ruprecht,Dumphy,rdumphy4d@mit.edu,Male,Training,General Manager,179791,5,4,9,58
159,Tani,Scripps,tscripps4e@intel.com,Female,Business Development,Computer Systems Analyst I,252841,5,5,7,49
160,Merill,Pimmocke,mpimmocke4f@jalbum.net,Male,Services,Legal Assistant,179899,5,3,20,25
161,Der,Buckmaster,dbuckmaster4g@goo.gl,Male,Support,Physical Therapy Assistant,113843,5,2,7,45
162,Findley,Amorts,famorts4h@smugmug.com,Male,Marketing,Assistant Manager,200222,1,4,18,47
163,Janna,Moles,jmoles4i@opera.com,Female,Services,Biostatistician I,247935,1,3,5,53
164,Kimbell,Korf,kkorf4j@123-reg.co.uk,Male,Sales,Desktop Support Technician,34782,3,5,17,21
165,Lorrin,Dwine,ldwine4k@ibm.com,Female,Research and Development,Health Coach II,40725,1,4,14,54
166,Riobard,Chansonne,rchansonne4l@jigsy.com,Male,Legal,Help Desk Technician,235550,3,2,1,22
167,Deeyn,Meni,dmeni4m@dion.ne.jp,Female,Training,Automation Specialist IV,191666,4,3,11,54
168,Jodie,Mountjoy,jmountjoy4n@cnn.com,Female,Business Development,Software Engineer III,92629,2,2,19,43
169,Karney,Gergely,kgergely4o@goo.ne.jp,Male,Support,Help Desk Operator,236165,5,1,8,30
170,Richy,Francillo,rfrancillo4p@moonfruit.com,Male,Product Management,Design Engineer,151707,3,5,12,23
171,Modesty,Rostern,mrostern4q@51.la,Female,Support,Software Engineer III,192645,5,5,4,38
172,Ginnifer,Cowthard,gcowthard4r@theguardian.com,Female,Legal,Automation Specialist II,55894,3,4,15,31
173,Phillie,Skinn,pskinn4s@posterous.com,Female,Legal,Automation Specialist IV,263230,1,2,13,24
174,Mame,Almeida,malmeida4t@bloomberg.com,Female,Marketing,Programmer Analyst I,179270,5,2,13,34
175,Gregory,Tootell,gtootell4u@tripadvisor.com,Male,Product Management,Assistant Media Planner,223280,1,2,16,37
176,Danyette,Christoffe,dchristoffe4v@a8.net,Female,Support,Programmer I,93281,1,4,8,36
177,Garrek,Duell,gduell4w@fda.gov,Male,Marketing,Sales Representative,224484,2,5,10,56
178,Gena,Dounbare,gdounbare4x@adobe.com,Female,Business Development,Dental Hygienist,273243,5,4,10,52
179,Sasha,Hawke,shawke4y@tumblr.com,Male,Human Resources,Product Engineer,248918,2,1,20,32
180,Gerianna,Taree,gtaree4z@nytimes.com,Female,Training,Information Systems Manager,65846,2,5,9,50
181,Lori,Chalker,lchalker50@clickbank.net,Female,Support,Business Systems Development Analyst,92580,2,3,19,30
182,Brigitta,McCleary,bmccleary51@prnewswire.com,Female,Sales,Senior Cost Accountant,63163,1,4,10,23
183,Janean,Ghilardi,jghilardi52@nasa.gov,Female,Human Resources,Health Coach I,40195,1,1,13,37
184,Kellia,Poltone,kpoltone53@smh.com.au,Female,Support,Quality Control Specialist,214975,5,5,5,43
185,Jarid,McCready,jmccready54@multiply.com,Male,Legal,Senior Sales Associate,215815,3,2,16,45
186,Brittaney,Harmston,bharmston55@hud.gov,Female,Marketing,Clinical Specialist,95951,2,4,7,50
187,Jeffrey,Cossem,jcossem56@mozilla.com,Male,Human Resources,Account Executive,175599,1,2,5,50
188,Earvin,Willden,ewillden57@odnoklassniki.ru,Male,Research and Development,Sales Representative,111553,4,4,4,44
189,Mirelle,Hawe,mhawe58@bloomberg.com,Female,Human Resources,Assistant Professor,44158,2,5,10,33
190,Kaylil,Willingam,kwillingam59@is.gd,Female,Research and Development,Health Coach IV,32170,5,3,15,23
191,Johnathon,Viccary,jviccary5a@jigsy.com,Male,Business Development,Office Assistant III,249845,2,5,10,28
192,Verene,Abrahamian,vabrahamian5b@ucla.edu,Female,Legal,Statistician I,272218,4,5,9,27
193,Nona,Pascow,npascow5c@patch.com,Female,Sales,Assistant Professor,180744,4,4,18,30
194,Reine,McGaugan,rmcgaugan5d@gnu.org,Female,Sales,Quality Control Specialist,37226,2,5,17,55
195,Winna,Hansell,whansell5e@jalbum.net,Female,Accounting,Office Assistant II,194639,3,4,10,42
196,Berkly,Sneller,bsneller5f@salon.com,Male,Legal,Legal Assistant,206329,5,3,15,45
197,Quinn,Zanuciolii,qzanuciolii5g@domainmarket.com,Female,Sales,Administrative Assistant I,236169,4,4,14,45
198,Margret,Bretton,mbretton5h@slate.com,Female,Services,Research Assistant III,263353,3,3,16,42
199,Philippine,Vail,pvail5i@gravatar.com,Female,Human Resources,Account Representative I,27481,2,2,12,51
200,Kellby,Paolini,kpaolini5j@blogs.com,Male,Sales,VP Product Management,221870,3,3,19,33
201,Arlena,Gross,agross5k@ustream.tv,Female,Accounting,Actuary,36402,4,5,7,37
202,Janna,Chandlar,jchandlar5l@quantcast.com,Female,Product Management,Sales Representative,65683,5,1,10,31
203,Anson,Harlett,aharlett5m@i2i.jp,Male,Sales,Geological Engineer,229094,3,1,20,42
204,Catarina,Askwith,caskwith5n@google.co.uk,Female,Training,Staff Accountant IV,188197,2,1,16,29
205,Stinky,Allkins,sallkins5o@aol.com,Male,Training,Account Coordinator,206613,4,5,5,33
206,Clem,de Guerre,cdeguerre5p@usgs.gov,Female,Research and Development,Computer Systems Analyst II,57000,1,4,20,47
207,Derril,Stratford,dstratford5q@youtu.be,Male,Business Development,Civil Engineer,128547,1,3,19,41
208,Denney,Vardie,dvardie5r@i2i.jp,Male,Sales,Marketing Manager,114442,1,5,2,25
209,Elise,Klink,eklink5s@tinyurl.com,Female,Legal,Tax Accountant,131060,5,2,11,27
210,Vivi,Ghent,vghent5t@sogou.com,Female,Marketing,Senior Cost Accountant,76654,3,4,11,56
211,Darius,Sneddon,dsneddon5u@webeden.co.uk,Male,Services,Nurse Practicioner,189016,4,5,16,57
212,Barrie,Tuplin,btuplin5v@merriam-webster.com,Female,Business Development,Senior Quality Engineer,246381,4,1,14,44
213,Lorne,Farfolomeev,lfarfolomeev5w@ibm.com,Male,Business Development,Health Coach I,185847,5,1,17,38
214,Hewie,Corser,hcorser5x@oaic.gov.au,Male,Engineering,Electrical Engineer,67050,3,2,18,53
215,Leoline,Fidgett,lfidgett5y@businesswire.com,Female,Legal,Pharmacist,273558,2,1,8,25
216,Norris,Rickford,nrickford5z@cpanel.net,Male,Training,Director of Sales,162389,4,2,9,21
217,Kimberlyn,Hoffner,khoffner60@friendfeed.com,Female,Human Resources,Product Engineer,178764,4,3,17,53
218,Arabelle,Fike,afike61@cbc.ca,Female,Marketing,VP Accounting,60048,5,4,1,50
219,Kippie,Haire,khaire62@creativecommons.org,Male,Business Development,Internal Auditor,178842,3,3,6,32
220,Elvis,Molineux,emolineux63@seesaa.net,Male,Accounting,Nuclear Power Engineer,149560,5,2,15,29
221,Luther,Couzens,lcouzens64@phpbb.com,Male,Training,Research Assistant IV,147764,1,5,4,36
222,Jan,Davidson,jdavidson65@mit.edu,Female,Human Resources,Physical Therapy Assistant,100816,1,5,1,35
223,Wesley,Birtle,wbirtle66@instagram.com,Male,Product Management,Account Executive,96462,2,2,17,25
224,Rollins,Beden,rbeden67@whitehouse.gov,Male,Services,Sales Associate,107398,3,3,7,41
225,Donia,Kegan,dkegan68@example.com,Female,Accounting,Civil Engineer,189557,1,3,20,54
226,Vic,Lathey,vlathey69@booking.com,Male,Services,Environmental Tech,163487,1,3,2,57
227,Galven,Renihan,grenihan6a@gizmodo.com,Male,Human Resources,Structural Analysis Engineer,153117,1,4,14,52
228,Ingmar,Greenwell,igreenwell6b@printfriendly.com,Male,Sales,Electrical Engineer,210935,2,1,7,54
229,Omero,Kinder,okinder6c@aol.com,Male,Support,Geological Engineer,58601,3,1,17,35
230,Brocky,Denniss,bdenniss6d@domainmarket.com,Male,Training,Research Associate,83958,2,4,19,27
231,Darell,Magwood,dmagwood6e@cornell.edu,Female,Support,Compensation Analyst,200050,3,2,6,35
232,Binky,Wodeland,bwodeland6f@prweb.com,Male,Accounting,Project Manager,125135,4,5,11,35
233,Hersch,Wateridge,hwateridge6g@unicef.org,Male,Legal,Graphic Designer,238694,4,5,19,36
234,Philly,Cotherill,pcotherill6h@shinystat.com,Female,Research and Development,Research Assistant III,30604,1,2,17,22
235,Stephen,Moreside,smoreside6i@ask.com,Male,Services,Civil Engineer,124469,2,5,20,51
236,Abraham,Strawbridge,astrawbridge6j@yahoo.com,Male,Services,Legal Assistant,130080,3,2,1,48
237,Dorita,Gummary,dgummary6k@time.com,Female,Legal,Chemical Engineer,146096,1,3,11,54
238,Lorene,Lambal,llambal6l@smugmug.com,Female,Business Development,Financial Analyst,183239,5,4,9,51
239,Sherry,Caple,scaple6m@china.com.cn,Female,Legal,Software Engineer II,22463,4,5,11,58
240,Betsy,Guinnane,bguinnane6n@seesaa.net,Female,Accounting,Financial Analyst,276014,4,3,3,31
241,Fleming,Trustrie,ftrustrie6o@parallels.com,Male,Business Development,Human Resources Assistant II,246329,2,1,10,55
242,Wyatt,Kupis,wkupis6p@naver.com,Male,Marketing,Director of Sales,24868,1,3,8,37
243,Yehudi,Coade,ycoade6q@nyu.edu,Male,Services,Administrative Assistant I,140007,5,1,2,52
244,Lindsey,O'Scannill,loscannill6r@prnewswire.com,Male,Training,Account Representative IV,249141,4,1,16,36
245,Oliviero,Morteo,omorteo6s@simplemachines.org,Male,Accounting,Programmer Analyst II,165053,1,1,7,41
246,Isabeau,Faull,ifaull6t@arstechnica.com,Female,Sales,GIS Technical Architect,176959,5,4,11,21
247,Aldis,Kingescot,akingescot6u@google.com.au,Male,Marketing,Assistant Professor,150259,5,3,7,49
248,Gran,Ciotto,gciotto6v@alexa.com,Male,Legal,Product Engineer,157842,5,1,4,54
249,Hakim,Hickeringill,hhickeringill6w@nba.com,Male,Marketing,Biostatistician II,113353,2,1,6,39
250,Duncan,McLemon,dmclemon6x@twitter.com,Male,Training,Senior Sales Associate,54762,5,2,16,54
251,Arny,Rosenbush,arosenbush6y@cpanel.net,Male,Sales,Systems Administrator III,236224,3,1,3,32
252,Merwin,Le Breton De La Vieuville,mlebretondelavieuville6z@toplist.cz,Male,Sales,Senior Sales Associate,22782,5,5,1,43
253,Sabine,Rainer,srainer70@t.co,Female,Support,Media Manager III,87959,4,3,15,22
254,Sukey,Dredge,sdredge71@typepad.com,Female,Training,Budget/Accounting Analyst IV,151865,5,2,14,36
255,Maridel,Rhyme,mrhyme72@nifty.com,Female,Marketing,Account Coordinator,194806,3,1,6,38
256,Enrica,Hambelton,ehambelton73@csmonitor.com,Female,Training,VP Sales,67917,4,3,20,34
257,Locke,Pontain,lpontain74@oakley.com,Male,Human Resources,Community Outreach Specialist,27323,2,4,17,23
258,Devlen,Slinn,dslinn75@merriam-webster.com,Male,Training,Librarian,238611,4,3,20,37
259,Hewitt,Alenichev,halenichev76@hatena.ne.jp,Male,Training,Administrative Officer,241906,5,5,3,46
260,Maribel,Ashton,mashton77@parallels.com,Female,Marketing,Account Representative II,38515,3,4,7,22
261,Zack,Nickell,znickell78@github.io,Male,Services,Staff Scientist,55768,4,3,2,22
262,Benjamin,Matthias,bmatthias79@yellowpages.com,Male,Business Development,Pharmacist,26659,4,2,20,42
263,Keefer,Labeuil,klabeuil7a@cafepress.com,Male,Support,Occupational Therapist,117914,4,5,20,22
264,Emelina,People,epeople7b@weibo.com,Female,Business Development,Senior Sales Associate,234693,4,4,16,30
265,Gillie,Ambage,gambage7c@google.co.uk,Female,Research and Development,Geological Engineer,54021,2,3,17,23
266,Parry,Jaszczak,pjaszczak7d@cam.ac.uk,Male,Accounting,Nurse Practicioner,180499,4,4,7,34
267,Timoteo,Brilleman,tbrilleman7e@stanford.edu,Male,Engineering,Graphic Designer,227826,1,4,6,30
268,Gill,Gyer,ggyer7f@icq.com,Female,Product Management,Legal Assistant,23701,2,5,6,40
269,Udale,Reyna,ureyna7g@wp.com,Male,Accounting,Health Coach III,38587,5,2,11,57
270,Bob,Antonomolii,bantonomolii7h@seattletimes.com,Male,Sales,Marketing Manager,172739,3,1,15,56
271,Martica,Townsley,mtownsley7i@posterous.com,Female,Accounting,Chemical Engineer,79586,4,4,15,22
272,Aila,Giraudot,agiraudot7j@stanford.edu,Female,Human Resources,Web Designer II,148958,1,3,4,24
273,Nicolina,Gowland,ngowland7k@wix.com,Female,Business Development,Help Desk Technician,52362,2,1,16,56
274,Frank,Priscott,fpriscott7l@blog.com,Female,Product Management,Geological Engineer,107866,2,4,18,24
275,Bartram,Loade,bloade7m@ucoz.com,Male,Accounting,Administrative Assistant I,102387,5,4,19,44
276,Eulalie,Henrot,ehenrot7n@t-online.de,Female,Training,Pharmacist,214091,2,4,4,48
277,Hamlin,Tribble,htribble7o@yale.edu,Male,Sales,Editor,103679,4,5,14,48
278,Brock,Kilduff,bkilduff7p@exblog.jp,Male,Sales,Internal Auditor,113450,1,1,15,39
279,Sutton,Hoyle,shoyle7q@ebay.co.uk,Male,Product Management,Automation Specialist I,70872,5,3,15,30
280,Ray,Le Floch,rlefloch7r@google.de,Female,Support,Compensation Analyst,241886,2,1,14,58
281,Terri,Doppler,tdoppler7s@drupal.org,Male,Training,Sales Representative,251819,2,3,13,44
282,Gasparo,Ody,gody7t@exblog.jp,Male,Human Resources,Food Chemist,186305,2,3,17,49
283,Nevin,Maestro,nmaestro7u@sourceforge.net,Male,Support,Tax Accountant,66286,1,5,9,56
284,Marcile,Bryenton,mbryenton7v@nsw.gov.au,Female,Product Management,Compensation Analyst,93443,5,1,2,24
285,Bryan,Dormand,bdormand7w@cyberchimps.com,Male,Human Resources,Marketing Manager,252740,2,4,2,57
286,Ringo,McCambridge,rmccambridge7x@so-net.ne.jp,Male,Support,Account Representative IV,97540,4,1,6,36
287,Anthony,Honatsch,ahonatsch7y@techcrunch.com,Male,Human Resources,Business Systems Development Analyst,217546,4,5,7,27
288,Kevina,Solleme,ksolleme7z@usgs.gov,Female,Business Development,Civil Engineer,138100,1,4,13,22
289,Nevsa,Minguet,nminguet80@discovery.com,Female,Support,Nurse Practicioner,176377,4,1,20,24
290,Annabell,Augustine,aaugustine81@fastcompany.com,Female,Business Development,Accounting Assistant II,177874,5,5,1,56
291,Garrek,Thurborn,gthurborn82@oaic.gov.au,Male,Product Management,GIS Technical Architect,83143,4,5,2,30
292,Rhodia,Dunniom,rdunniom83@geocities.com,Female,Accounting,Business Systems Development Analyst,42269,5,5,13,49
293,Archibold,Marler,amarler84@pbs.org,Male,Engineering,Community Outreach Specialist,210770,3,4,20,44
294,Iver,Thurman,ithurman85@sitemeter.com,Male,Business Development,Senior Sales Associate,100620,4,5,16,50
295,Barbaraanne,Mowday,bmowday86@github.io,Female,Business Development,VP Marketing,264741,3,1,4,52
296,Ely,Swinglehurst,eswinglehurst87@bbb.org,Male,Accounting,Data Coordinator,115989,1,2,12,22
297,Lyndsey,Mallinson,lmallinson88@de.vu,Female,Services,Research Assistant IV,30010,1,4,11,44
298,Jillane,Trynor,jtrynor89@illinois.edu,Female,Marketing,Sales Associate,116559,1,5,9,36
299,Morie,Vasyutichev,mvasyutichev8a@telegraph.co.uk,Male,Product Management,Software Consultant,276019,1,1,3,53
300,Luce,Ager,lager8b@blogger.com,Female,Sales,Software Engineer III,121252,1,2,16,34
301,Nick,Creffeild,ncreffeild8c@bizjournals.com,Male,Accounting,Help Desk Operator,151156,5,4,4,31
302,Harris,Vale,hvale8d@army.mil,Male,Training,Administrative Officer,180556,4,1,16,41
303,Boone,Routham,broutham8e@wix.com,Male,Services,Developer II,175478,2,3,18,36
304,Johnathon,Agdahl,jagdahl8f@vistaprint.com,Male,Human Resources,Nurse Practicioner,35581,5,5,13,46
305,Ginelle,Ohrtmann,gohrtmann8g@aol.com,Female,Product Management,Marketing Assistant,96066,2,5,1,26
306,Bryana,McGuckin,bmcguckin8h@istockphoto.com,Female,Legal,VP Quality Control,45257,3,4,19,46
307,Gwendolen,Seden,gseden8i@latimes.com,Female,Human Resources,Software Engineer III,135074,4,1,20,48
308,Lorianna,Hearmon,lhearmon8j@wordpress.com,Female,Human Resources,Technical Writer,267783,5,4,18,31
309,Verile,Dimic,vdimic8k@about.com,Female,Human Resources,Information Systems Manager,205885,4,2,17,37
310,Eudora,Schumacher,eschumacher8l@china.com.cn,Female,Business Development,Senior Editor,231556,3,1,13,34
311,Vinnie,Moncarr,vmoncarr8m@free.fr,Male,Human Resources,Occupational Therapist,89841,4,4,20,51
312,Nadine,Camacho,ncamacho8n@comcast.net,Female,Training,Marketing Assistant,185477,4,1,20,47
313,John,Nann,jnann8o@jiathis.com,Male,Training,Pharmacist,81006,2,2,3,42
314,Stace,Melton,smelton8p@usatoday.com,Female,Engineering,Product Engineer,88918,5,2,5,58
315,Jarrett,Cauthra,jcauthra8q@zimbio.com,Male,Services,Software Engineer I,125491,2,1,5,37
316,Eveleen,Casa,ecasa8r@ox.ac.uk,Female,Support,Speech Pathologist,130126,1,5,4,42
317,Darill,Izkovici,dizkovici8s@google.co.uk,Male,Training,Nuclear Power Engineer,67519,2,2,4,55
318,Mickie,Figg,mfigg8t@a8.net,Male,Support,Account Representative III,185419,1,4,20,34
319,Deanne,Belsher,dbelsher8u@cornell.edu,Female,Sales,Software Engineer IV,250628,3,5,9,25
320,Salvidor,Bearsmore,sbearsmore8v@pinterest.com,Male,Accounting,Social Worker,121896,2,3,13,58
321,Cecile,Criag,ccriag8w@umn.edu,Female,Research and Development,Office Assistant I,96856,3,2,14,52
322,Rea,Medley,rmedley8x@arstechnica.com,Female,Product Management,Senior Editor,193328,5,1,13,56
323,Amory,Savile,asavile8y@netscape.com,Male,Legal,Director of Sales,87946,1,5,12,31
324,Thedric,Madgwick,tmadgwick8z@bizjournals.com,Male,Legal,Executive Secretary,244501,2,5,13,25
325,Thom,Clewarth,tclewarth90@smugmug.com,Male,Support,Electrical Engineer,23759,2,2,9,26
326,Torey,Lalonde,tlalonde91@jiathis.com,Female,Sales,Staff Accountant III,24794,5,1,6,49
327,Huntington,Aitkin,haitkin92@shutterfly.com,Male,Product Management,Nurse,103845,2,3,12,25
328,Norina,Fernez,nfernez93@etsy.com,Female,Sales,Associate Professor,235712,5,3,3,52
329,Patsy,Townsend,ptownsend94@si.edu,Male,Research and Development,Assistant Professor,211394,2,2,20,51
330,Deck,McFadden,dmcfadden95@sciencedirect.com,Male,Business Development,Staff Scientist,180313,5,3,13,56
331,Ailbert,Macak,amacak96@wix.com,Male,Research and Development,Dental Hygienist,86704,4,2,20,53
332,Dario,Gauntley,dgauntley97@tamu.edu,Male,Product Management,Marketing Assistant,175564,2,5,20,55
333,Florencia,Casserly,fcasserly98@hubpages.com,Female,Research and Development,Staff Accountant II,268933,1,2,13,28
334,Merrel,Spencock,mspencock99@acquirethisname.com,Male,Support,Food Chemist,176355,4,1,15,28
335,Egon,Guilloud,eguilloud9a@mlb.com,Male,Legal,Administrative Officer,76404,5,3,6,27
336,Ash,Godbolt,agodbolt9b@mozilla.com,Male,Support,Assistant Media Planner,269194,3,1,3,53
337,Hadley,Karlsson,hkarlsson9c@mysql.com,Male,Sales,Marketing Manager,255605,4,1,20,24
338,Sigismundo,Raine,sraine9d@issuu.com,Male,Research and Development,Chief Design Engineer,67275,1,2,9,55
339,Theodora,Fawssett,tfawssett9e@who.int,Female,Legal,Accounting Assistant I,102139,1,4,6,47
340,Ilka,Jancey,ijancey9f@tripadvisor.com,Female,Training,Analog Circuit Design manager,229556,5,2,20,47
341,Rosita,Horsley,rhorsley9g@engadget.com,Female,Services,Geologist II,141740,2,4,11,43
342,Timotheus,Mantrip,tmantrip9h@umich.edu,Male,Support,Account Representative III,223489,3,4,5,37
343,Leroi,Stollman,lstollman9i@prweb.com,Male,Sales,Cost Accountant,166384,5,3,4,24
344,Kent,Drennan,kdrennan9j@a8.net,Male,Training,Compensation Analyst,77745,2,4,13,24
345,Susanna,Sanderson,ssanderson9k@phoca.cz,Female,Accounting,Help Desk Technician,28634,3,2,20,56
346,Harold,Buddington,hbuddington9l@un.org,Male,Business Development,VP Marketing,24318,4,2,8,31
347,Leann,Loughlin,lloughlin9m@ca.gov,Female,Research and Development,Marketing Assistant,166082,1,1,18,46
348,Kinny,Siney,ksiney9n@typepad.com,Male,Business Development,Financial Advisor,272367,2,3,12,36
349,Lorens,Raecroft,lraecroft9o@auda.org.au,Male,Legal,VP Product Management,66461,4,4,4,36
350,Mathe,Coolson,mcoolson9p@oracle.com,Male,Legal,Sales Associate,179958,4,1,17,41
351,Tiena,Grzegorecki,tgrzegorecki9q@howstuffworks.com,Female,Services,Information Systems Manager,41254,4,1,19,27
352,Ravi,Haythornthwaite,rhaythornthwaite9r@independent.co.uk,Male,Research and Development,General Manager,252333,3,1,5,35
353,Tallie,Couvet,tcouvet9s@imageshack.us,Male,Support,Web Developer II,93503,2,5,12,39
354,Trefor,Harriday,tharriday9t@ifeng.com,Male,Services,Graphic Designer,88082,3,2,19,48
355,Orella,Yeandel,oyeandel9u@whitehouse.gov,Female,Human Resources,Geologist III,92548,4,2,5,48
356,Hugibert,Malan,hmalan9v@baidu.com,Male,Accounting,VP Marketing,38983,1,5,3,36
357,Maurise,Luchetti,mluchetti9w@soup.io,Female,Research and Development,Budget/Accounting Analyst III,121583,1,3,15,57
358,Umberto,Penn,upenn9x@amazonaws.com,Male,Legal,Statistician IV,43706,3,4,1,41
359,Kylie,Stoving,kstoving9y@tamu.edu,Female,Product Management,Web Developer IV,82975,1,2,13,28
360,Lyman,Teresi,lteresi9z@wix.com,Male,Services,Design Engineer,261419,5,5,2,58
361,Ivar,Cran,icrana0@dropbox.com,Male,Sales,VP Product Management,23129,2,5,19,40
362,Ariela,Meiner,ameinera1@behance.net,Female,Engineering,Civil Engineer,138696,3,2,20,47
363,Shannon,Blenkhorn,sblenkhorna2@narod.ru,Male,Research and Development,Electrical Engineer,242175,5,4,2,45
364,Gerhardt,Pinfold,gpinfolda3@biglobe.ne.jp,Male,Accounting,Graphic Designer,123048,1,5,6,33
365,Normand,Knok,nknoka4@about.me,Male,Research and Development,Compensation Analyst,227196,2,4,4,39
366,Monika,Buttery,mbutterya5@geocities.jp,Female,Product Management,Nurse,256439,3,3,14,22
367,Greer,Salmen,gsalmena6@theglobeandmail.com,Female,Product Management,Engineer IV,159928,5,1,9,27
368,Jourdan,Jentgens,jjentgensa7@desdev.cn,Female,Research and Development,Project Manager,24280,2,3,14,37
369,Erastus,Raikes,eraikesa8@epa.gov,Male,Training,Marketing Assistant,271940,2,2,10,39
370,Hazlett,Bartoszek,hbartoszeka9@techcrunch.com,Male,Research and Development,Cost Accountant,203214,5,4,8,57
371,Layton,Hinkensen,lhinkensenaa@so-net.ne.jp,Male,Human Resources,Administrative Officer,159767,3,3,3,26
372,Luce,Cleaver,lcleaverab@amazon.co.uk,Male,Marketing,Librarian,184483,4,2,7,50
373,Pavel,Watford,pwatfordac@google.es,Male,Engineering,Senior Editor,133025,3,3,17,47
374,Clare,Partridge,cpartridgead@miitbeian.gov.cn,Male,Product Management,Dental Hygienist,227190,2,1,19,55
375,Stanton,Keast,skeastae@chronoengine.com,Male,Accounting,Systems Administrator III,66074,4,4,13,38
376,Doug,Minico,dminicoaf@dagondesign.com,Male,Business Development,Registered Nurse,265582,5,5,9,35
377,Carlin,Wharrier,cwharrierag@linkedin.com,Female,Training,Food Chemist,255411,5,2,20,25
378,Viole,Featonby,vfeatonbyah@rakuten.co.jp,Female,Services,General Manager,63590,5,5,10,55
379,Gib,Bagnal,gbagnalai@google.ca,Male,Research and Development,Geologist I,220500,5,2,7,25
380,Karlens,Shrubsall,kshrubsallaj@accuweather.com,Male,Marketing,Senior Developer,246481,1,4,5,25
381,Dominica,Grantham,dgranthamak@hp.com,Female,Sales,Research Nurse,85507,3,2,13,42
382,Marleen,Shingles,mshinglesal@marriott.com,Female,Training,VP Product Management,202338,1,1,13,58
383,Nananne,Dorin,ndorinam@slashdot.org,Female,Accounting,Marketing Assistant,94286,2,2,17,43
384,Bea,Goves,bgovesan@imageshack.us,Female,Accounting,Structural Engineer,166899,5,1,5,22
385,Doria,Mosdill,dmosdillao@pinterest.com,Female,Accounting,Database Administrator III,45166,5,5,16,52
386,Sidnee,Pierse,spierseap@salon.com,Male,Research and Development,Programmer I,59705,3,3,5,56
387,Deeann,Abramovitz,dabramovitzaq@friendfeed.com,Female,Marketing,Senior Quality Engineer,108836,2,5,3,35
388,Ellerey,Leynham,eleynhamar@ihg.com,Male,Product Management,Nurse Practicioner,109380,3,1,11,55
389,Prentice,Girth,pgirthas@marketwatch.com,Male,Marketing,Staff Accountant II,95500,5,5,19,56
390,Lucio,Foxcroft,lfoxcroftat@youtu.be,Male,Legal,Electrical Engineer,173207,5,3,6,45
391,Winona,Dalrymple,wdalrympleau@github.com,Female,Marketing,Cost Accountant,132583,4,3,19,29
392,Dora,Ruddick,druddickav@wiley.com,Female,Sales,Executive Secretary,103540,2,1,8,27
393,Quinton,Scripps,qscrippsaw@mayoclinic.com,Male,Research and Development,Legal Assistant,228607,1,2,4,46
394,Janna,Lambard,jlambardax@salon.com,Female,Legal,Budget/Accounting Analyst III,251770,1,1,4,50
395,Elly,Vannoort,evannoortay@whitehouse.gov,Female,Accounting,Operator,122716,4,3,16,35
396,Sayers,MacCafferky,smaccafferkyaz@phpbb.com,Male,Marketing,Internal Auditor,205159,4,2,19,46
397,Bettina,Statter,bstatterb0@theglobeandmail.com,Female,Legal,Director of Sales,261828,3,4,15,26
398,Sigismundo,Burghill,sburghillb1@istockphoto.com,Male,Engineering,Nurse Practicioner,160377,3,1,12,28
399,Megen,Ivankov,mivankovb2@creativecommons.org,Female,Research and Development,Structural Analysis Engineer,169659,4,1,12,29
400,Liz,Duguid,lduguidb3@weebly.com,Female,Services,Analog Circuit Design manager,274270,3,5,11,48
401,Alexander,Plom,aplomb4@cdbaby.com,Male,Training,Financial Analyst,40915,3,3,3,30
402,Haley,Barltrop,hbarltropb5@amazonaws.com,Male,Training,Internal Auditor,89168,2,4,17,29
403,Hymie,Bleasby,hbleasbyb6@guardian.co.uk,Male,Marketing,Cost Accountant,115177,1,5,8,27
404,Winnifred,Bulter,wbulterb7@purevolume.com,Female,Business Development,Staff Accountant III,113820,2,5,10,28
405,Shalom,O' Ronan,soronanb8@ihg.com,Male,Business Development,Staff Scientist,95246,1,5,18,56
406,Stephanus,Hamill,shamillb9@1688.com,Male,Marketing,Research Nurse,186138,3,1,8,57
407,Idalia,Roalfe,iroalfeba@sciencedaily.com,Female,Sales,VP Accounting,153765,3,5,8,55
408,Nicky,Liggens,nliggensbb@gmpg.org,Male,Human Resources,Administrative Assistant III,107348,3,1,14,48
409,Augie,Minguet,aminguetbc@live.com,Male,Product Management,Assistant Professor,191809,2,2,8,29
410,Tarrah,Cummungs,tcummungsbd@bbb.org,Female,Business Development,Clinical Specialist,129719,4,4,16,31
411,Jdavie,Biers,jbiersbe@mtv.com,Male,Human Resources,Director of Sales,275080,1,1,12,56
412,Tamma,Bilton,tbiltonbf@smh.com.au,Female,Business Development,Computer Systems Analyst IV,226639,5,5,14,43
413,Cynde,Shead,csheadbg@mediafire.com,Female,Training,Pharmacist,24419,4,4,14,55
414,Rafaellle,McElwee,rmcelweebh@nymag.com,Male,Services,Paralegal,220394,5,4,15,21
415,Kendall,Gissing,kgissingbi@github.com,Male,Business Development,Budget/Accounting Analyst IV,82946,5,4,15,27
416,Boote,Dietsche,bdietschebj@infoseek.co.jp,Male,Business Development,Recruiting Manager,183330,2,5,17,40
417,Giselle,Reboulet,grebouletbk@behance.net,Female,Human Resources,Technical Writer,57307,3,5,16,41
418,Carney,Scopyn,cscopynbl@chron.com,Male,Business Development,Statistician IV,70312,2,1,16,29
419,Mariejeanne,Skill,mskillbm@furl.net,Female,Support,Human Resources Manager,113134,3,5,8,32
420,Stephanie,Dillaway,sdillawaybn@auda.org.au,Female,Legal,Health Coach III,79496,1,5,13,54
421,Wenda,Kopps,wkoppsbo@360.cn,Female,Services,Business Systems Development Analyst,177138,5,4,6,39
422,Sebastiano,Kernoghan,skernoghanbp@bloomberg.com,Male,Marketing,Analog Circuit Design manager,186374,3,1,11,26
423,Fayina,Koche,fkochebq@newyorker.com,Female,Engineering,Quality Engineer,77549,4,5,10,38
424,Mae,Darwin,mdarwinbr@csmonitor.com,Female,Sales,Human Resources Assistant I,138575,3,4,3,47
425,Consuelo,Garnsworthy,cgarnsworthybs@last.fm,Female,Accounting,Administrative Officer,55632,2,2,13,35
426,Karlan,Gioani,kgioanibt@prlog.org,Male,Marketing,Assistant Manager,91699,3,5,17,22
427,Shina,Batchelar,sbatchelarbu@samsung.com,Female,Human Resources,Software Consultant,112050,4,2,19,46
428,Ab,Hellsdon,ahellsdonbv@slashdot.org,Male,Business Development,Analog Circuit Design manager,246326,5,5,1,38
429,Ulrikaumeko,Dorney,udorneybw@yale.edu,Female,Product Management,Marketing Manager,144488,4,5,4,57
430,Rickard,Ascrofte,rascroftebx@vimeo.com,Male,Sales,Recruiter,98792,1,4,9,45
431,Kassi,Bonifas,kbonifasby@google.de,Female,Product Management,Business Systems Development Analyst,166886,1,2,4,47
432,Milt,Beche,mbechebz@cargocollective.com,Male,Product Management,Physical Therapy Assistant,216434,2,2,8,53
433,Fionna,Gaythorpe,fgaythorpec0@devhub.com,Female,Marketing,VP Quality Control,35884,2,5,11,45
434,Evy,Tace,etacec1@dagondesign.com,Female,Training,Computer Systems Analyst III,162014,2,1,17,34
435,Faydra,Deehan,fdeehanc2@live.com,Female,Engineering,Senior Sales Associate,82292,3,2,2,58
436,Malva,Allerton,mallertonc3@twitpic.com,Female,Business Development,Software Test Engineer I,81669,1,1,11,50
437,Shayla,Liddiatt,sliddiattc4@discuz.net,Female,Business Development,Financial Advisor,149259,5,4,10,49
438,Morgun,Caplin,mcaplinc5@edublogs.org,Male,Business Development,Librarian,271669,2,4,11,41
439,Carson,Jakel,cjakelc6@amazon.com,Male,Business Development,Geologist I,181975,2,1,13,35
440,Hedvig,Saul,hsaulc7@icio.us,Female,Research and Development,Health Coach II,47164,4,3,15,43
441,Byram,Dudenie,bdudeniec8@tripadvisor.com,Male,Human Resources,Nuclear Power Engineer,75982,2,2,16,52
442,Dav,Doyley,ddoyleyc9@fema.gov,Male,Engineering,Payment Adjustment Coordinator,79319,3,3,10,54
443,Allyn,Warde,awardeca@gov.uk,Male,Human Resources,Nurse,179473,4,4,13,33
444,Aileen,Allberry,aallberrycb@yelp.com,Female,Business Development,Assistant Manager,133122,4,3,6,56
445,Kaela,Affuso,kaffusocc@nyu.edu,Female,Sales,Food Chemist,159668,3,5,7,24
446,Brion,Ruddiman,bruddimancd@stanford.edu,Male,Sales,Nuclear Power Engineer,184826,1,2,13,23
447,Matthew,Dumbellow,mdumbellowce@dailymotion.com,Male,Human Resources,Recruiter,132824,3,2,15,57
448,Opal,Bothram,obothramcf@weather.com,Female,Support,Research Nurse,59539,4,1,16,33
449,Rip,Lacelett,rlacelettcg@ca.gov,Male,Engineering,Safety Technician II,180552,5,2,7,29
450,Quintana,Curm,qcurmch@gov.uk,Female,Legal,Environmental Tech,203707,1,5,5,26
451,Sig,Swindin,sswindinci@newyorker.com,Male,Accounting,Quality Control Specialist,200981,3,5,17,32
452,Rennie,Wardley,rwardleycj@sitemeter.com,Female,Training,Human Resources Assistant I,225398,2,1,12,55
453,Glenn,Blakeney,gblakeneyck@google.com.au,Male,Engineering,Staff Scientist,270005,4,5,7,47
454,Alessandra,Crack,acrackcl@weather.com,Female,Marketing,Graphic Designer,33066,5,2,4,30
455,Agnella,Wogdon,awogdoncm@ihg.com,Female,Training,Legal Assistant,152764,5,2,11,26
456,Alfie,Ziebart,aziebartcn@skype.com,Female,Legal,Actuary,168572,4,2,2,57
457,Jackqueline,Lukovic,jlukovicco@apple.com,Female,Business Development,Data Coordinator,120575,5,5,14,22
458,Serena,Brunesco,sbrunescocp@squarespace.com,Female,Training,Financial Advisor,120450,4,5,19,37
459,Rhea,Upex,rupexcq@vinaora.com,Female,Sales,Internal Auditor,191014,4,5,12,49
460,Ofella,Flasby,oflasbycr@hhs.gov,Female,Services,Structural Engineer,215614,4,5,1,35
461,Hayley,Tutchener,htutchenercs@360.cn,Female,Services,Tax Accountant,134471,1,4,1,53
462,Culley,Spedding,cspeddingct@nytimes.com,Male,Product Management,Staff Scientist,229742,3,5,20,35
463,Patric,Bonicelli,pbonicellicu@buzzfeed.com,Male,Services,Payment Adjustment Coordinator,137895,2,1,15,24
464,Timmy,Hune,thunecv@patch.com,Female,Product Management,VP Sales,168598,4,1,6,29
465,Cale,Fiddiman,cfiddimancw@marriott.com,Male,Support,Business Systems Development Analyst,196435,1,2,17,41
466,Kylen,Gerritzen,kgerritzencx@list-manage.com,Female,Human Resources,Financial Advisor,171756,2,3,17,35
467,Margalo,Bader,mbadercy@bbb.org,Female,Marketing,Recruiter,38945,4,5,2,22
468,Koo,Kendrick,kkendrickcz@live.com,Female,Product Management,Community Outreach Specialist,120391,1,4,15,35
469,Raeann,Farlam,rfarlamd0@topsy.com,Female,Services,Developer III,105775,4,1,6,52
470,Rafaellle,Kinder,rkinderd1@newsvine.com,Male,Support,Software Engineer II,161734,1,2,16,27
471,Kilian,Corrie,kcorried2@springer.com,Male,Services,Safety Technician I,180332,1,4,2,32
472,Nonnah,Svanetti,nsvanettid3@google.com,Female,Services,Marketing Assistant,50253,2,2,19,43
473,Cross,Pedel,cpedeld4@bbc.co.uk,Male,Marketing,Senior Editor,155488,3,1,4,29
474,Niles,McRobb,nmcrobbd5@indiatimes.com,Male,Research and Development,Clinical Specialist,198220,5,5,9,53
475,Augy,Clint,aclintd6@issuu.com,Male,Training,Budget/Accounting Analyst IV,187529,4,3,17,28
476,Daffy,Blunkett,dblunkettd7@nih.gov,Female,Legal,Business Systems Development Analyst,89425,1,1,3,22
477,Harmonia,O'Hagerty,hohagertyd8@booking.com,Female,Services,Senior Cost Accountant,83205,2,5,5,41
478,Ian,Whittles,iwhittlesd9@printfriendly.com,Male,Support,Physical Therapy Assistant,142639,3,4,13,27
479,Hiram,Mabbs,hmabbsda@timesonline.co.uk,Male,Research and Development,Chemical Engineer,123041,3,5,2,21
480,Jerrie,Pencot,jpencotdb@ca.gov,Female,Product Management,Chief Design Engineer,233537,1,2,8,49
481,Clemmy,Russel,crusseldc@usda.gov,Male,Business Development,Internal Auditor,220243,1,2,20,47
482,Wally,Marval,wmarvaldd@fastcompany.com,Male,Marketing,Clinical Specialist,161855,4,2,5,26
483,Leelah,Fossick,lfossickde@foxnews.com,Female,Sales,Environmental Tech,72389,3,2,18,37
484,Bruis,Simmons,bsimmonsdf@angelfire.com,Male,Legal,VP Accounting,24844,3,4,2,31
485,Amby,Marrett,amarrettdg@washington.edu,Male,Sales,Nuclear Power Engineer,182850,3,5,3,33
486,Ailina,Renals,arenalsdh@pen.io,Female,Research and Development,Executive Secretary,40852,5,4,1,28
487,Gustav,Yelding,gyeldingdi@altervista.org,Male,Training,Account Representative II,43866,5,3,5,21
488,Romain,McGinley,rmcginleydj@imgur.com,Male,Services,Assistant Professor,210375,3,3,5,34
489,Putnem,Buff,pbuffdk@flickr.com,Male,Business Development,Automation Specialist III,46302,4,1,9,51
490,Kristen,Akester,kakesterdl@paypal.com,Female,Legal,Payment Adjustment Coordinator,61440,3,4,6,54
491,Rabi,Stanmore,rstanmoredm@t.co,Male,Support,Nuclear Power Engineer,159930,1,1,10,25
492,Tome,Yearns,tyearnsdn@hostgator.com,Male,Legal,Librarian,45033,3,1,11,44
493,Joellen,Almey,jalmeydo@google.cn,Female,Support,Marketing Assistant,44078,1,4,8,32
494,Mabelle,Della Scala,mdellascaladp@fda.gov,Female,Product Management,Research Nurse,109330,3,2,14,37
495,Marcelle,Almond,malmonddq@seattletimes.com,Female,Marketing,Registered Nurse,236455,3,1,18,32
496,Pavlov,Beniesh,pbenieshdr@tmall.com,Male,Human Resources,VP Quality Control,44196,3,1,11,48
497,Malchy,Jehaes,mjehaesds@census.gov,Male,Legal,Project Manager,132258,4,3,6,22
498,Cullin,Witt,cwittdt@netlog.com,Male,Sales,Software Test Engineer I,267476,1,1,12,53
499,Joela,Earpe,jearpedu@dell.com,Female,Support,Software Consultant,257208,3,2,6,49
500,Carmencita,Awmack,cawmackdv@unc.edu,Female,Legal,Human Resources Assistant IV,105433,5,3,2,55
501,Titos,Breede,tbreededw@youku.com,Male,Marketing,Research Assistant III,168405,1,3,1,56
502,Danell,Caulder,dcaulderdx@ow.ly,Female,Engineering,Help Desk Technician,41755,5,3,5,53
503,Page,Adamo,padamody@creativecommons.org,Female,Business Development,Chief Design Engineer,200116,2,2,8,58
504,Illa,Dingsdale,idingsdaledz@gnu.org,Female,Human Resources,Product Engineer,207416,2,4,4,22
505,Fairleigh,Crockatt,fcrockatte0@ft.com,Male,Product Management,Assistant Professor,136831,2,3,10,42
506,Felisha,Dossit,fdossite1@51.la,Female,Business Development,Food Chemist,88776,2,2,11,24
507,Andres,Wrightim,awrightime2@bizjournals.com,Male,Business Development,Software Consultant,231271,4,4,9,47
508,Brice,Farquhar,bfarquhare3@salon.com,Male,Support,Occupational Therapist,41237,1,3,5,58
509,Marris,Salandino,msalandinoe4@dot.gov,Female,Accounting,Speech Pathologist,266245,4,3,7,45
510,Hamlin,Dunnaway,hdunnawaye5@yahoo.com,Male,Research and Development,GIS Technical Architect,261842,4,5,2,35
511,Clay,Mapholm,cmapholme6@liveinternet.ru,Male,Sales,Senior Cost Accountant,236072,4,1,9,54
512,Flint,Hynde,fhyndee7@imageshack.us,Male,Human Resources,Staff Accountant III,169587,1,4,19,42
513,Francisco,Vinick,fvinicke8@multiply.com,Male,Training,Safety Technician III,103858,5,4,16,49
514,Helaina,Brookfield,hbrookfielde9@over-blog.com,Female,Engineering,General Manager,212044,1,4,19,23
515,Etan,Chattoe,echattoeea@t.co,Male,Accounting,Assistant Manager,214436,5,4,10,39
516,Eudora,Fontell,efontelleb@harvard.edu,Female,Sales,Physical Therapy Assistant,120543,2,5,1,49
517,Cybill,Oleszcuk,coleszcukec@gmpg.org,Female,Training,Programmer III,103881,3,5,1,39
518,Hendrick,Trebbett,htrebbetted@redcross.org,Male,Support,Desktop Support Technician,167623,1,5,13,55
519,Patric,Newbold,pnewboldee@hatena.ne.jp,Male,Product Management,Safety Technician I,186089,4,5,10,26
520,Chrystel,Becom,cbecomef@netscape.com,Female,Support,Tax Accountant,22000,5,5,11,50
521,Fields,Maty,fmatyeg@msn.com,Male,Sales,Structural Engineer,114282,2,2,12,56
522,Steffen,Crepin,screpineh@clickbank.net,Male,Business Development,Technical Writer,97050,5,4,2,26
523,Felipe,Dennehy,fdennehyei@state.tx.us,Male,Human Resources,Professor,184448,3,1,4,56
524,Leela,Splevings,lsplevingsej@earthlink.net,Female,Legal,Environmental Specialist,175405,2,2,1,44
525,Maxine,D'Aulby,mdaulbyek@nydailynews.com,Female,Human Resources,Administrative Officer,204943,2,5,14,34
526,Melli,Edeler,medelerel@nsw.gov.au,Female,Research and Development,Editor,165286,4,3,15,21
527,Edsel,Attwoul,eattwoulem@1und1.de,Male,Support,Administrative Assistant III,24545,2,3,3,30
528,Imogene,Bruno,ibrunoen@ocn.ne.jp,Female,Research and Development,Staff Accountant IV,46330,5,1,17,57
529,Eada,Allred,eallredeo@ted.com,Female,Human Resources,VP Product Management,24315,4,2,10,27
530,Hasty,Smeall,hsmeallep@pagesperso-orange.fr,Male,Business Development,Chief Design Engineer,268554,1,4,6,44
531,Marleah,Chaplin,mchaplineq@rakuten.co.jp,Female,Marketing,Quality Engineer,77921,4,3,14,26
532,Gardiner,Stabler,gstablerer@lulu.com,Male,Sales,Occupational Therapist,109087,2,2,2,48
533,Worth,Sulland,wsullandes@comcast.net,Male,Sales,Analyst Programmer,102177,2,1,20,22
534,Jeanelle,Cutmare,jcutmareet@google.fr,Female,Services,Director of Sales,240456,4,1,10,42
535,Donnie,Polye,dpolyeeu@economist.com,Female,Human Resources,GIS Technical Architect,106459,2,4,1,55
536,Cornall,Vickerman,cvickermanev@acquirethisname.com,Male,Legal,Chief Design Engineer,52715,2,5,2,44
537,Yasmeen,Ioannidis,yioannidisew@ehow.com,Female,Business Development,Electrical Engineer,270281,5,4,20,29
538,Ferdinande,Malek,fmalekex@npr.org,Female,Product Management,Clinical Specialist,67733,1,2,13,50
539,Brittan,Wearing,bwearingey@japanpost.jp,Female,Training,Programmer III,52183,4,5,14,23
540,Lexine,Tarply,ltarplyez@cornell.edu,Female,Product Management,Graphic Designer,213450,4,3,14,48
541,Silvanus,Pattle,spattlef0@exblog.jp,Male,Sales,Programmer Analyst III,192055,4,4,6,36
542,Deedee,Borris,dborrisf1@comcast.net,Female,Human Resources,Registered Nurse,76942,1,4,17,26
543,Phyllys,Jurasek,pjurasekf2@gov.uk,Female,Human Resources,Nurse,89043,4,3,8,22
544,Dyna,Christophersen,dchristophersenf3@japanpost.jp,Female,Sales,Chemical Engineer,154996,3,5,5,45
545,Ignatius,Stoodale,istoodalef4@stumbleupon.com,Male,Training,Clinical Specialist,70945,4,1,16,41
546,Sascha,Thresher,sthresherf5@csmonitor.com,Female,Business Development,Help Desk Technician,195695,2,4,4,23
547,Griffin,Berridge,gberridgef6@is.gd,Male,Legal,Software Engineer IV,145250,2,2,4,36
548,Meaghan,Mowling,mmowlingf7@over-blog.com,Female,Product Management,Nurse Practicioner,173045,3,5,13,30
549,Bennie,Roullier,broullierf8@creativecommons.org,Female,Engineering,Design Engineer,49170,2,4,11,27
550,Valenka,Peete,vpeetef9@vimeo.com,Female,Product Management,Environmental Specialist,185121,3,1,3,30
551,Hale,Shearme,hshearmefa@marriott.com,Male,Research and Development,Web Designer I,233113,5,2,17,47
552,Gualterio,Caseley,gcaseleyfb@salon.com,Male,Support,Engineer II,258155,2,2,10,48
553,Neron,Pinnell,npinnellfc@mysql.com,Male,Business Development,Research Nurse,168475,1,5,1,31
554,Umeko,Littlefield,ulittlefieldfd@quantcast.com,Female,Human Resources,Programmer I,158266,5,5,18,49
555,Elie,Duffree,eduffreefe@ebay.com,Female,Training,Analyst Programmer,153543,5,1,19,51
556,Sigfried,Cornil,scornilff@dell.com,Male,Services,Clinical Specialist,276148,1,4,11,23
557,Bartie,Jarad,bjaradfg@indiegogo.com,Male,Support,General Manager,85878,2,3,2,27
558,Morton,Brownbridge,mbrownbridgefh@ovh.net,Male,Human Resources,Engineer I,102628,4,4,14,56
559,Lane,Whilde,lwhildefi@bbc.co.uk,Male,Business Development,Web Designer I,51189,1,3,2,54
560,Sandra,Fray,sfrayfj@histats.com,Female,Legal,Electrical Engineer,210121,3,3,14,54
561,Budd,Bridle,bbridlefk@last.fm,Male,Research and Development,Editor,57091,3,3,8,52
562,Antonino,Calbrathe,acalbrathefl@prnewswire.com,Male,Support,Senior Editor,216140,2,4,13,42
563,Gerhard,Kayser,gkayserfm@amazon.co.uk,Male,Marketing,Executive Secretary,207397,3,5,12,31
564,Melita,Regus,mregusfn@archive.org,Female,Training,Help Desk Operator,249589,4,3,10,50
565,Thadeus,Kiddy,tkiddyfo@prlog.org,Male,Business Development,Nuclear Power Engineer,79200,4,3,4,37
566,Jeno,Melarkey,jmelarkeyfp@hibu.com,Male,Services,Computer Systems Analyst I,151974,3,5,4,44
567,Debra,Hache,dhachefq@businesswire.com,Female,Support,Quality Engineer,122557,5,4,5,53
568,Doris,Guise,dguisefr@hud.gov,Female,Services,Environmental Tech,48239,3,1,12,54
569,Niccolo,Harget,nhargetfs@wufoo.com,Male,Sales,Account Representative IV,51403,3,1,12,28
570,Farrel,Dyhouse,fdyhouseft@ocn.ne.jp,Male,Legal,Sales Representative,95230,3,2,10,51
571,Kali,Piner,kpinerfu@ted.com,Female,Training,Systems Administrator III,85923,2,4,7,32
572,Junette,Floyde,jfloydefv@homestead.com,Female,Legal,Quality Engineer,190529,2,2,5,26
573,Erica,Tingey,etingeyfw@sfgate.com,Female,Legal,Systems Administrator II,271512,2,5,19,28
574,Guthry,Casetti,gcasettifx@yahoo.co.jp,Male,Research and Development,Budget/Accounting Analyst I,228493,5,4,12,38
575,Jay,Laird,jlairdfy@amazonaws.com,Male,Services,Food Chemist,127681,4,3,4,49
576,Katharine,Slavin,kslavinfz@mashable.com,Female,Human Resources,Office Assistant IV,102091,4,5,15,26
577,Nola,Millichip,nmillichipg0@vkontakte.ru,Female,Support,VP Sales,135520,4,4,7,27
578,Gavin,De La Cote,gdelacoteg1@studiopress.com,Male,Business Development,Media Manager II,51399,3,4,11,33
579,Myrtie,Kinforth,mkinforthg2@ebay.co.uk,Female,Engineering,Pharmacist,174586,4,3,19,53
580,Kori,Laughlin,klaughling3@meetup.com,Female,Accounting,Health Coach III,133978,3,4,11,47
581,Jennilee,Guild,jguildg4@miibeian.gov.cn,Female,Sales,Nurse,161309,5,5,16,37
582,Ailyn,Rummer,arummerg5@odnoklassniki.ru,Female,Product Management,Environmental Specialist,157719,4,1,20,21
583,Barbee,Storie,bstorieg6@hibu.com,Female,Support,Engineer I,70225,2,4,8,49
584,Merv,Woollaston,mwoollastong7@dailymotion.com,Male,Legal,Engineer IV,239005,4,2,17,34
585,Traver,Breache,tbreacheg8@xinhuanet.com,Male,Sales,Junior Executive,91533,5,2,4,36
586,Grannie,Deverale,gdeveraleg9@amazonaws.com,Male,Accounting,Speech Pathologist,120934,1,1,9,41
587,Elspeth,Almey,ealmeyga@macromedia.com,Female,Support,Software Consultant,90049,5,4,19,54
588,Candice,Vicioso,cviciosogb@ycombinator.com,Female,Research and Development,Sales Representative,169829,1,5,16,55
589,Marvin,Filipiak,mfilipiakgc@hubpages.com,Male,Support,Staff Accountant III,76505,5,3,17,57
590,Dudley,Titchard,dtitchardgd@jigsy.com,Male,Accounting,Payment Adjustment Coordinator,188596,2,1,2,22
591,Ellsworth,Artiss,eartissge@google.es,Male,Training,Legal Assistant,247580,1,1,1,49
592,Carole,Scoffins,cscoffinsgf@microsoft.com,Female,Business Development,Payment Adjustment Coordinator,177960,4,2,5,49
593,Udall,Cherm,uchermgg@yellowbook.com,Male,Product Management,Speech Pathologist,57070,4,5,3,53
594,Batsheva,Bewshaw,bbewshawgh@businesswire.com,Female,Marketing,Legal Assistant,140463,3,5,6,39
595,Cosmo,Kellen,ckellengi@surveymonkey.com,Male,Support,Professor,182258,1,4,10,25
596,Larine,Mathevet,lmathevetgj@bloglovin.com,Female,Research and Development,Analyst Programmer,276847,2,1,19,39
597,Shem,Croston,scrostongk@usgs.gov,Male,Marketing,Tax Accountant,100181,4,5,1,51
598,Gabriellia,Coyish,gcoyishgl@mtv.com,Female,Business Development,Web Developer I,39592,5,4,3,41
599,Tarra,Caswall,tcaswallgm@xrea.com,Female,Business Development,Operator,55496,4,2,17,28
600,Sergio,Conyer,sconyergn@google.com.hk,Male,Business Development,Assistant Manager,165676,3,5,4,43
601,Bendicty,Meakin,bmeakingo@gmpg.org,Male,Support,VP Sales,102426,4,2,3,22
602,Martelle,Throughton,mthroughtongp@va.gov,Female,Support,Engineer IV,189242,4,4,17,26
603,Ulrike,Waslin,uwaslingq@squarespace.com,Female,Product Management,Account Representative IV,222590,3,1,13,56
604,Niel,Mailey,nmaileygr@yolasite.com,Male,Training,Associate Professor,171137,4,5,10,54
605,Barbabra,Worsley,bworsleygs@opensource.org,Female,Support,Compensation Analyst,132667,1,4,18,22
606,Kerstin,John,kjohngt@tiny.cc,Female,Sales,VP Quality Control,204888,1,5,12,43
607,Melli,Ridewood,mridewoodgu@purevolume.com,Female,Training,Human Resources Manager,209291,5,1,12,22
608,Helli,Cordingley,hcordingleygv@weebly.com,Female,Marketing,Technical Writer,184068,5,1,19,30
609,Constantine,De Lorenzo,cdelorenzogw@nhs.uk,Female,Product Management,Editor,99331,2,4,3,48
610,Barbara-anne,Pirozzi,bpirozzigx@netscape.com,Female,Support,Staff Scientist,242961,3,5,17,48
611,Carolin,Silk,csilkgy@tmall.com,Female,Business Development,Research Assistant IV,104647,2,1,7,30
612,Rici,O'Noulane,ronoulanegz@who.int,Female,Product Management,Web Designer I,64079,1,3,4,27
613,Courtney,Desaur,cdesaurh0@youtu.be,Male,Business Development,Data Coordinator,216447,3,1,19,52
614,Bess,Canada,bcanadah1@gnu.org,Female,Business Development,Media Manager III,242254,5,1,15,49
615,Herman,Lafuente,hlafuenteh2@hexun.com,Male,Research and Development,Associate Professor,76692,5,5,9,27
616,Adelaide,Dionisetto,adionisettoh3@mlb.com,Female,Support,Software Test Engineer II,150741,1,5,10,43
617,Florie,Domingues,fdominguesh4@pinterest.com,Female,Training,Product Engineer,86769,4,3,12,52
618,Melinda,Culham,mculhamh5@vistaprint.com,Female,Support,Graphic Designer,88236,1,3,7,36
619,Misty,Stickley,mstickleyh6@blogs.com,Female,Services,Operator,94116,2,4,20,44
620,Abelard,Bray,abrayh7@answers.com,Male,Research and Development,Executive Secretary,212347,2,1,15,34
621,Tilly,Lansberry,tlansberryh8@sciencedaily.com,Female,Training,Registered Nurse,166048,3,4,6,24
622,Linell,Gever,lgeverh9@harvard.edu,Female,Human Resources,Assistant Media Planner,277537,4,2,20,32
623,Bancroft,Hopfer,bhopferha@foxnews.com,Male,Legal,Compensation Analyst,255361,5,4,18,35
624,Arly,Moncrieffe,amoncrieffehb@washingtonpost.com,Female,Research and Development,Assistant Manager,221274,5,5,14,35
625,Lurline,Feldberger,lfeldbergerhc@123-reg.co.uk,Female,Human Resources,Analyst Programmer,219985,4,4,1,56
626,Brianna,Ley,bleyhd@npr.org,Female,Marketing,Analyst Programmer,67779,2,4,14,37
627,Tarah,Dorbon,tdorbonhe@weibo.com,Female,Training,Web Developer II,59646,3,4,11,27
628,Anallise,Sturch,asturchhf@umich.edu,Female,Sales,Environmental Specialist,59892,2,5,10,41
629,Rodolphe,Yukhnevich,ryukhnevichhg@hexun.com,Male,Legal,Business Systems Development Analyst,124784,4,2,16,50
630,Delia,Bingham,dbinghamhh@simplemachines.org,Female,Human Resources,Payment Adjustment Coordinator,152713,2,4,17,35
631,Daryl,Kail,dkailhi@auda.org.au,Male,Training,Senior Sales Associate,60117,5,1,15,52
632,Dani,Vidloc,dvidlochj@eepurl.com,Female,Support,Senior Editor,191165,3,4,20,41
633,Rita,MacMichael,rmacmichaelhk@indiatimes.com,Female,Product Management,Occupational Therapist,45322,5,1,13,46
634,Filberto,McKernan,fmckernanhl@comcast.net,Male,Accounting,GIS Technical Architect,81247,1,5,4,36
635,Delaney,Janning,djanninghm@google.it,Male,Marketing,Desktop Support Technician,183648,1,4,16,47
636,Malissa,Tiebe,mtiebehn@ovh.net,Female,Sales,Physical Therapy Assistant,256267,1,5,13,38
637,Cherie,Clear,cclearho@timesonline.co.uk,Female,Legal,Senior Financial Analyst,138582,2,1,11,53
638,Marie-jeanne,Rosekilly,mrosekillyhp@twitter.com,Female,Services,Software Consultant,128464,5,1,10,50
639,Alene,Irving,airvinghq@squidoo.com,Female,Product Management,VP Marketing,25127,5,5,19,57
640,Freeland,Chateau,fchateauhr@mysql.com,Male,Training,Quality Engineer,35899,2,3,5,54
641,Jerald,Havelin,jhavelinhs@ask.com,Male,Support,Nuclear Power Engineer,260548,5,5,13,58
642,Annelise,Fritschmann,afritschmannht@businessweek.com,Female,Services,VP Sales,228834,2,4,2,34
643,Audrey,Osbaldeston,aosbaldestonhu@msn.com,Female,Marketing,Technical Writer,197035,4,4,7,46
644,Jacquenette,Ravenhill,jravenhillhv@squarespace.com,Female,Engineering,Accounting Assistant IV,231044,1,2,13,36
645,Daria,Almak,dalmakhw@globo.com,Female,Human Resources,Clinical Specialist,263604,5,2,9,51
646,Ephrayim,Cotman,ecotmanhx@cmu.edu,Male,Legal,Human Resources Manager,226631,2,2,16,44
647,Dennis,Zoppie,dzoppiehy@theglobeandmail.com,Male,Business Development,Pharmacist,199476,5,2,13,38
648,Elyse,Fittis,efittishz@trellian.com,Female,Training,Professor,194142,2,3,8,49
649,Harcourt,Maseres,hmaseresi0@lycos.com,Male,Product Management,Software Test Engineer III,109960,1,1,4,39
650,Derick,Dougary,ddougaryi1@illinois.edu,Male,Sales,Sales Representative,223099,3,1,1,45
651,Annabella,Leveritt,aleveritti2@cloudflare.com,Female,Sales,VP Marketing,48930,5,3,7,56
652,Mikol,Row,mrowi3@cocolog-nifty.com,Male,Support,Engineer IV,66370,4,4,5,22
653,Etti,Maletratt,emaletratti4@squarespace.com,Female,Training,Payment Adjustment Coordinator,178514,5,4,10,53
654,Benedict,Vearncomb,bvearncombi5@tinypic.com,Male,Legal,Office Assistant IV,123251,2,2,1,25
655,Davis,Shurey,dshureyi6@hhs.gov,Male,Accounting,VP Product Management,130047,5,2,1,40
656,Claiborn,Brokenshire,cbrokenshirei7@princeton.edu,Male,Training,Senior Editor,192839,5,3,17,53
657,Averyl,Kondratenko,akondratenkoi8@twitter.com,Female,Marketing,Engineer II,47096,4,4,3,22
658,James,Ilyenko,jilyenkoi9@newsvine.com,Male,Accounting,Registered Nurse,92454,1,2,3,24
659,Brice,Ollie,bollieia@ted.com,Male,Legal,Teacher,23019,2,3,17,49
660,Milo,Cornelius,mcorneliusib@trellian.com,Male,Research and Development,Environmental Specialist,56803,5,1,6,46
661,Ibrahim,Gawthrope,igawthropeic@senate.gov,Male,Sales,Analog Circuit Design manager,148403,4,3,1,55
662,Karine,Wordesworth,kwordesworthid@ameblo.jp,Female,Business Development,Accountant II,51906,1,4,18,43
663,Wilfrid,Tripet,wtripetie@epa.gov,Male,Support,Health Coach III,221404,2,4,3,39
664,Kandace,Desaur,kdesaurif@uiuc.edu,Female,Accounting,Statistician IV,92707,1,4,3,26
665,Arny,Rosbottom,arosbottomig@samsung.com,Male,Research and Development,Senior Sales Associate,69804,2,2,5,27
666,Lethia,Bussel,lbusselih@fotki.com,Female,Business Development,Technical Writer,97667,1,3,20,44
667,Gradeigh,Rust,grustii@google.fr,Male,Marketing,Dental Hygienist,49017,5,2,4,42
668,Aila,Edelman,aedelmanij@techcrunch.com,Female,Business Development,VP Sales,212808,1,3,8,30
669,Misti,Mapis,mmapisik@nba.com,Female,Support,Physical Therapy Assistant,175725,5,5,20,30
670,Aldo,Paffley,apaffleyil@discuz.net,Male,Training,Automation Specialist III,54833,2,1,13,22
671,Al,La Vigne,alavigneim@ask.com,Male,Engineering,Developer II,44882,2,1,5,57
672,Raviv,Ivchenko,rivchenkoin@jiathis.com,Male,Business Development,VP Marketing,37948,4,5,13,41
673,Lillis,Behning,lbehningio@trellian.com,Female,Accounting,Staff Scientist,104107,4,3,13,38
674,Sela,Fresson,sfressonip@sogou.com,Female,Business Development,Office Assistant III,55067,3,3,4,27
675,Adriane,Doutch,adoutchiq@cloudflare.com,Female,Accounting,Payment Adjustment Coordinator,272030,2,4,3,30
676,Hatty,Vigne,hvigneir@cmu.edu,Female,Business Development,Dental Hygienist,261005,2,5,13,32
677,Olivia,Escalero,oescalerois@va.gov,Female,Human Resources,VP Product Management,202744,3,1,17,43
678,Harris,Kaplin,hkaplinit@github.com,Male,Marketing,Sales Representative,213959,2,4,2,44
679,Rochell,Cuddehy,rcuddehyiu@reverbnation.com,Female,Engineering,Pharmacist,104203,2,4,8,36
680,Dur,Lorraway,dlorrawayiv@pbs.org,Male,Services,Quality Control Specialist,44904,1,4,16,58
681,Bord,Cromarty,bcromartyiw@privacy.gov.au,Male,Support,Media Manager I,186727,5,1,15,26
682,Windy,Yesinov,wyesinovix@yellowpages.com,Female,Engineering,Data Coordinator,255962,3,2,12,25
683,Camile,Quakley,cquakleyiy@newsvine.com,Female,Product Management,Quality Control Specialist,188620,5,3,11,26
684,Morlee,Edge,medgeiz@drupal.org,Male,Services,Electrical Engineer,132259,5,3,14,26
685,Jamal,Berresford,jberresfordj0@livejournal.com,Male,Sales,Information Systems Manager,223763,4,2,20,37
686,Keeley,Ingerfield,kingerfieldj1@discovery.com,Female,Marketing,Analog Circuit Design manager,221532,5,1,3,27
687,Marni,Whysall,mwhysallj2@goo.ne.jp,Female,Human Resources,VP Marketing,181919,5,2,3,32
688,Cher,Berthelet,cbertheletj3@marketwatch.com,Female,Support,Registered Nurse,123111,5,2,5,48
689,Juliana,Skellern,jskellernj4@instagram.com,Female,Services,Human Resources Manager,171539,5,1,2,29
690,Willie,Mainson,wmainsonj5@phpbb.com,Female,Training,Analog Circuit Design manager,84259,4,2,3,29
691,Nissy,Peschka,npeschkaj6@cyberchimps.com,Female,Accounting,VP Marketing,130089,1,1,16,56
692,Cleveland,Woodage,cwoodagej7@wordpress.com,Male,Engineering,Administrative Officer,62574,1,4,19,31
693,Nannie,Capinetti,ncapinettij8@huffingtonpost.com,Female,Marketing,Environmental Specialist,37231,1,3,7,57
694,Sanders,Grinyov,sgrinyovj9@examiner.com,Male,Sales,Computer Systems Analyst I,125309,4,1,11,51
695,Patrice,Kelcher,pkelcherja@51.la,Female,Training,Marketing Assistant,258101,4,5,10,43
696,Karylin,Izon,kizonjb@berkeley.edu,Female,Legal,Cost Accountant,231832,3,2,6,46
697,Zsazsa,Timmens,ztimmensjc@artisteer.com,Female,Sales,Assistant Media Planner,214476,4,3,2,36
698,Lanie,Farrall,lfarralljd@indiegogo.com,Female,Engineering,Help Desk Technician,250073,4,2,2,56
699,Lucian,Pozzo,lpozzoje@nydailynews.com,Male,Training,Nurse Practicioner,164532,1,5,12,25
700,Bryon,Schaben,bschabenjf@paypal.com,Male,Training,Senior Editor,232797,1,5,13,40
701,Yalonda,Crewdson,ycrewdsonjg@merriam-webster.com,Female,Research and Development,Technical Writer,166167,4,1,1,31
702,Linus,Izon,lizonjh@aol.com,Male,Human Resources,Cost Accountant,207208,3,1,11,24
703,Noreen,Lavalle,nlavalleji@mapy.cz,Female,Engineering,Help Desk Operator,273521,1,1,13,46
704,Marlena,Chevin,mchevinjj@merriam-webster.com,Female,Research and Development,Help Desk Operator,101820,4,3,2,48
705,Aloysia,Tranckle,atrancklejk@tripod.com,Female,Research and Development,Recruiting Manager,161883,4,2,2,33
706,Clare,Levis,clevisjl@xinhuanet.com,Male,Support,Analog Circuit Design manager,79534,4,4,19,48
707,Drew,Wholesworth,dwholesworthjm@telegraph.co.uk,Male,Marketing,Structural Engineer,116278,3,3,6,33
708,Carl,Antyukhin,cantyukhinjn@cam.ac.uk,Male,Training,Automation Specialist IV,245753,4,1,5,23
709,Miranda,Guidini,mguidinijo@google.com.br,Female,Accounting,Sales Associate,266702,3,1,13,51
710,Debby,Tyer,dtyerjp@nsw.gov.au,Female,Research and Development,Nurse Practicioner,217981,4,2,11,54
711,Thekla,Vala,tvalajq@mlb.com,Female,Training,Associate Professor,100064,4,5,15,36
712,Isaiah,Bedells,ibedellsjr@earthlink.net,Male,Legal,Senior Developer,147539,2,1,7,53
713,Mabelle,Mossbee,mmossbeejs@foxnews.com,Female,Sales,Recruiting Manager,132349,5,5,7,37
714,Melodie,Saulter,msaulterjt@pagesperso-orange.fr,Female,Research and Development,Marketing Assistant,250539,1,4,2,31
715,Hamel,Gelder,hgelderju@disqus.com,Male,Services,VP Quality Control,154564,3,5,6,40
716,Tanitansy,Doul,tdouljv@bloomberg.com,Female,Training,Information Systems Manager,249208,3,1,9,57
717,Evangeline,Casterot,ecasterotjw@newyorker.com,Female,Services,Software Engineer III,213568,4,4,7,46
718,Witty,Toffler,wtofflerjx@linkedin.com,Male,Business Development,Safety Technician III,195490,3,4,5,45
719,Christiana,Swainston,cswainstonjy@rediff.com,Female,Research and Development,Recruiter,139383,1,2,19,51
720,Ryun,Belverstone,rbelverstonejz@hugedomains.com,Male,Product Management,Physical Therapy Assistant,153977,3,1,8,37
721,Kelly,Tansey,ktanseyk0@google.it,Male,Sales,Food Chemist,58904,4,2,8,24
722,Larissa,Gaunter,lgaunterk1@comsenz.com,Female,Support,Physical Therapy Assistant,180841,4,2,12,50
723,Katya,Hugonet,khugonetk2@tuttocitta.it,Female,Product Management,Senior Financial Analyst,73785,4,2,9,58
724,Waverly,Danilov,wdanilovk3@1und1.de,Male,Accounting,Associate Professor,241505,4,1,2,55
725,Damian,Bygrove,dbygrovek4@time.com,Male,Human Resources,Payment Adjustment Coordinator,68651,5,2,2,56
726,Bard,Chantillon,bchantillonk5@netvibes.com,Male,Services,Product Engineer,136540,2,3,17,51
727,Gibby,Peery,gpeeryk6@unicef.org,Male,Marketing,Software Test Engineer III,170315,5,1,2,42
728,Guenevere,Halls,ghallsk7@weather.com,Female,Engineering,Programmer Analyst III,97109,4,4,7,25
729,Gardener,Attoc,gattock8@reference.com,Male,Sales,Editor,121481,1,2,12,29
730,Gregorio,Chellingworth,gchellingworthk9@prlog.org,Male,Services,Desktop Support Technician,26873,4,1,2,57
731,Alverta,Dunphie,adunphieka@kickstarter.com,Female,Sales,Payment Adjustment Coordinator,26473,2,1,12,21
732,Godfry,Akam,gakamkb@pen.io,Male,Marketing,Help Desk Technician,54870,3,4,18,21
733,Catherin,Pinchback,cpinchbackkc@eventbrite.com,Female,Human Resources,Food Chemist,79567,1,2,19,51
734,Hollyanne,Vautin,hvautinkd@facebook.com,Female,Support,Structural Engineer,247420,3,2,9,37
735,Nessy,Venables,nvenableske@soundcloud.com,Female,Marketing,Administrative Assistant I,66346,4,5,17,42
736,Stephanus,Blackborne,sblackbornekf@ycombinator.com,Male,Research and Development,Help Desk Operator,243633,3,1,13,29
737,Dana,Vinnick,dvinnickkg@unc.edu,Female,Business Development,General Manager,205871,1,5,7,23
738,Josie,Haime,jhaimekh@yahoo.co.jp,Female,Sales,Environmental Specialist,209029,4,5,8,46
739,Manya,MacIlory,mmaciloryki@rambler.ru,Female,Legal,Biostatistician III,39889,1,4,16,45
740,Clemmie,Grassi,cgrassikj@miibeian.gov.cn,Male,Marketing,Social Worker,242130,4,5,19,36
741,Andrea,Hindenberger,ahindenbergerkk@sciencedirect.com,Male,Support,Analyst Programmer,198319,4,5,12,35
742,Lurline,Reynoollds,lreynoolldskl@pagesperso-orange.fr,Female,Sales,Marketing Manager,266043,3,1,12,24
743,Paule,Stell,pstellkm@pen.io,Female,Legal,Developer IV,56579,3,1,18,42
744,Genia,Dunsleve,gdunslevekn@comcast.net,Female,Services,GIS Technical Architect,253188,5,5,13,42
745,Bab,Sidden,bsiddenko@cnet.com,Female,Research and Development,Recruiter,101008,4,4,1,26
746,Finley,Mandal,fmandalkp@businessweek.com,Male,Legal,Desktop Support Technician,268743,1,2,18,54
747,Morse,Lethabridge,mlethabridgekq@hostgator.com,Male,Marketing,Editor,22258,3,2,6,39
748,Jeremie,Uccelli,juccellikr@mashable.com,Male,Engineering,VP Quality Control,57777,2,5,1,56
749,Cher,Enser,censerks@usda.gov,Female,Research and Development,Chief Design Engineer,260966,2,1,9,23
750,Aurelea,Cameron,acameronkt@pinterest.com,Female,Marketing,GIS Technical Architect,91307,4,3,19,41
751,Ethelred,Taunton.,etauntonku@printfriendly.com,Male,Human Resources,Marketing Manager,229675,5,3,16,22
752,Heddi,Barts,hbartskv@privacy.gov.au,Female,Human Resources,VP Sales,238027,4,4,11,21
753,Bethany,Rediers,bredierskw@homestead.com,Female,Legal,Structural Engineer,207975,4,5,10,36
754,Nanete,Gandrich,ngandrichkx@godaddy.com,Female,Legal,Recruiting Manager,129125,3,1,2,38
755,Ingra,Kemson,ikemsonky@about.com,Male,Services,Chemical Engineer,247489,1,4,2,31
756,Jessica,Yegorev,jyegorevkz@imageshack.us,Female,Sales,Senior Quality Engineer,77439,1,4,12,37
757,Lorelle,Petrol,lpetroll0@nifty.com,Female,Services,VP Product Management,28594,5,4,19,58
758,Steward,Jedrachowicz,sjedrachowiczl1@studiopress.com,Male,Accounting,Product Engineer,36051,5,5,11,37
759,Thayne,Guillerman,tguillermanl2@privacy.gov.au,Male,Services,Sales Associate,223439,2,4,10,50
760,Desi,Essery,desseryl3@buzzfeed.com,Male,Support,Computer Systems Analyst III,60718,2,5,15,33
761,Marrissa,Meddemmen,mmeddemmenl4@time.com,Female,Marketing,Senior Sales Associate,82137,1,5,19,41
762,Casey,Leyborne,cleybornel5@fema.gov,Female,Support,Media Manager IV,274008,1,5,16,43
763,Shae,Brendeke,sbrendekel6@sogou.com,Female,Business Development,Research Associate,169211,5,5,10,50
764,Amalie,Camell,acamelll7@hao123.com,Female,Research and Development,Research Assistant III,48225,2,1,1,36
765,Hortensia,Jozsa,hjozsal8@1und1.de,Female,Business Development,Associate Professor,166442,5,2,11,33
766,Joseito,Carnier,jcarnierl9@360.cn,Male,Accounting,Occupational Therapist,115898,5,3,2,47
767,Dominick,Eagar,deagarla@storify.com,Male,Product Management,Structural Analysis Engineer,106211,1,5,7,33
768,Anjanette,Boxill,aboxilllb@g.co,Female,Business Development,Human Resources Manager,85931,4,3,16,53
769,Vivianna,Ghiraldi,vghiraldilc@cbslocal.com,Female,Sales,Geologist III,243440,4,3,13,29
770,Opal,Canto,ocantold@t.co,Female,Human Resources,Operator,124632,4,2,3,44
771,Renie,Aynold,raynoldle@shop-pro.jp,Female,Support,Actuary,269460,1,5,6,37
772,Murry,Bowkett,mbowkettlf@irs.gov,Male,Accounting,Project Manager,70881,5,5,1,52
773,Licha,Warriner,lwarrinerlg@google.co.jp,Female,Accounting,Design Engineer,192067,3,3,7,35
774,Doralyn,Barry,dbarrylh@cnn.com,Female,Research and Development,Budget/Accounting Analyst IV,227556,4,3,19,25
775,Mark,Dickenson,mdickensonli@bbb.org,Male,Services,Media Manager III,204261,1,2,10,57
776,Aube,Kurt,akurtlj@paypal.com,Male,Accounting,Programmer IV,253514,3,5,17,57
777,Sheri,Woan,swoanlk@ucsd.edu,Female,Product Management,Geological Engineer,54380,2,1,17,55
778,Farrel,Pattington,fpattingtonll@ustream.tv,Male,Research and Development,VP Marketing,256515,1,4,6,37
779,Kienan,Harry,kharrylm@amazon.co.uk,Male,Business Development,Dental Hygienist,22455,2,4,9,35
780,Iain,Lintott,ilintottln@joomla.org,Male,Human Resources,Food Chemist,156501,4,2,16,44
781,Jacob,Keeffe,jkeeffelo@globo.com,Male,Accounting,Research Nurse,66622,2,3,18,42
782,Gasper,Bailiss,gbailisslp@techcrunch.com,Male,Support,Design Engineer,207616,3,1,11,51
783,Reinhold,Jardine,rjardinelq@bloglines.com,Male,Training,Information Systems Manager,49489,2,4,6,45
784,Wyn,Breznovic,wbreznoviclr@rakuten.co.jp,Male,Human Resources,Geologist II,106380,3,5,16,23
785,Wallis,Sebastian,wsebastianls@state.gov,Male,Human Resources,Marketing Manager,44846,1,1,7,37
786,Jethro,O' Kelleher,jokelleherlt@oaic.gov.au,Male,Product Management,VP Quality Control,238250,5,3,15,43
787,Brook,Nevins,bnevinslu@unesco.org,Male,Support,Assistant Professor,127254,2,5,7,26
788,Armstrong,MacKean,amackeanlv@google.nl,Male,Accounting,Legal Assistant,81051,5,1,15,47
789,Jewel,Bleas,jbleaslw@symantec.com,Female,Legal,Chief Design Engineer,94008,5,3,18,37
790,Stan,Burfield,sburfieldlx@meetup.com,Male,Legal,Design Engineer,275716,3,1,7,25
791,Mae,Oscroft,moscroftly@bing.com,Female,Support,Internal Auditor,215869,1,5,18,30
792,Worth,Inder,winderlz@artisteer.com,Male,Legal,Web Developer II,224411,2,2,5,55
793,Midge,Sutherden,msutherdenm0@engadget.com,Female,Marketing,Legal Assistant,78738,5,1,12,27
794,Eberto,Whitford,ewhitfordm1@digg.com,Male,Marketing,Technical Writer,200944,1,5,2,26
795,Malvin,Blessed,mblessedm2@hostgator.com,Male,Accounting,Associate Professor,230024,3,4,16,37
796,Ive,Gregoraci,igregoracim3@businessinsider.com,Male,Human Resources,Librarian,267952,5,5,14,51
797,Noble,Garwood,ngarwoodm4@thetimes.co.uk,Male,Marketing,Junior Executive,88076,1,1,2,24
798,Hyacinthia,Godden,hgoddenm5@ezinearticles.com,Female,Legal,Analog Circuit Design manager,39062,1,5,15,41
799,Clement,Brasted,cbrastedm6@csmonitor.com,Male,Legal,Junior Executive,151828,2,2,13,25
800,Chaim,La Torre,clatorrem7@youku.com,Male,Accounting,Environmental Specialist,67998,5,4,18,49
