id,first_name,last_name,email,Sex,Department,Role,Salary,Performance,Satisfaction,Tenure,Age
1,Remus,Zavattiero,rzavattiero0@samsung.com,Male,Training,Research Assistant II,232779,4,5,4,41
2,Lani,Mott,lmott1@surveymonkey.com,Female,Marketing,Environmental Specialist,252619,2,5,3,41
3,Marijo,Pettifer,mpettifer2@techcrunch.com,Female,Marketing,Teacher,73192,3,1,17,39
4,Graeme,Reason,greason3@msu.edu,Male,Engineering,Accountant IV,273088,4,3,7,33
5,Elton,Andriolli,eandriolli4@ucsd.edu,Male,Services,Quality Engineer,265787,4,3,3,28
6,Octavius,De Cruce,odecruce5@flavors.me,Male,Support,Compensation Analyst,63868,5,3,6,37
7,Gates,Darco,gdarco6@google.com,Female,Legal,Senior Financial Analyst,258523,1,2,2,50
8,Steffen,Eland,seland7@mtv.com,Male,Marketing,Professor,175718,2,5,10,39
9,Duke,McGibbon,dmcgibbon8@stumbleupon.com,Male,Business Development,Data Coordinator,69472,3,5,3,37
10,Kahlil,Luquet,kluquet9@theglobeandmail.com,Male,Marketing,Help Desk Technician,215888,4,4,2,37
11,Adele,Pfeffer,apfeffera@foxnews.com,Female,Sales,Financial Analyst,198382,5,2,8,22
12,Robbie,Eustace,reustaceb@123-reg.co.uk,Female,Legal,Sales Representative,141997,3,5,5,58
13,Reidar,Andreone,randreonec@ibm.com,Male,Marketing,Pharmacist,71562,3,4,11,42
14,Torrence,Chaudrelle,tchaudrelled@liveinternet.ru,Male,Business Development,Senior Editor,216109,3,3,18,29
15,Philis,Park,pparke@java.com,Female,Product Management,Sales Representative,207192,1,4,3,25
16,Christy,Oxtiby,coxtibyf@seesaa.net,Female,Engineering,Electrical Engineer,75467,3,2,15,43
17,Augustina,Parsons,aparsonsg@barnesandnoble.com,Female,Legal,Recruiter,203156,4,4,17,57
18,Elianore,Maddock,emaddockh@a8.net,Female,Sales,Product Engineer,24400,3,5,8,33
19,Garvy,Washbrook,gwashbrooki@state.tx.us,Male,Legal,Software Engineer III,174249,1,5,5,27
20,Callean,Eacle,ceaclej@studiopress.com,Male,Training,Quality Control Specialist,186223,2,4,13,21
21,Joleen,Bampforth,jbampforthk@sun.com,Female,Research and Development,Software Test Engineer III,250892,2,3,19,25
22,Jobye,Glinde,jglindel@desdev.cn,Female,Business Development,Senior Editor,190540,2,1,19,35
23,Beatriz,Rowbotham,browbothamm@accuweather.com,Female,Business Development,Graphic Designer,230735,5,1,2,29
24,Albert,Rozenbaum,arozenbaumn@usatoday.com,Male,Services,Pharmacist,271367,1,4,17,58
25,Marjory,Pitcock,mpitcocko@github.com,Female,Research and Development,Desktop Support Technician,54067,1,3,15,24
26,Wilhelmina,Wingfield,wwingfieldp@google.fr,Female,Research and Development,Web Designer III,184476,1,2,5,55
27,Herschel,Radclyffe,hradclyffeq@cisco.com,Male,Accounting,Junior Executive,152716,4,2,14,51
28,Diannne,Muffen,dmuffenr@cloudflare.com,Female,Engineering,Quality Engineer,39296,3,3,17,21
29,Zsa zsa,Cloney,zcloneys@apache.org,Female,Support,Operator,40293,4,5,13,54
30,Reba,Draper,rdrapert@arizona.edu,Female,Accounting,Computer Systems Analyst III,35688,5,3,19,36
31,Barnabas,Lorence,blorenceu@51.la,Male,Services,Associate Professor,203321,2,2,18,39
32,Abraham,Brun,abrunv@usda.gov,Male,Business Development,VP Accounting,92546,1,5,12,43
33,Pamelina,Holgan,pholganw@amazon.co.jp,Female,Product Management,Media Manager II,196884,4,2,3,26
34,Alison,Livens,alivensx@flavors.me,Female,Human Resources,Biostatistician IV,65862,3,2,18,44
35,Niki,Poyzer,npoyzery@washingtonpost.com,Male,Accounting,Media Manager III,220509,5,1,9,28
36,Paulina,Spensly,pspenslyz@dyndns.org,Female,Human Resources,Sales Associate,48936,4,4,7,57
37,Theressa,Buyers,tbuyers10@surveymonkey.com,Female,Human Resources,Speech Pathologist,148427,1,5,18,47
38,Cherin,Martyns,cmartyns11@ehow.com,Female,Product Management,Structural Analysis Engineer,231226,3,5,16,45
39,Thedric,Petlyura,tpetlyura12@de.vu,Male,Services,Accounting Assistant I,22648,5,3,19,53
40,Edin,Kerman,ekerman13@businessinsider.com,Female,Business Development,Administrative Assistant IV,120472,1,2,14,45
41,Brooke,Ollivierre,bollivierre14@vinaora.com,Female,Engineering,Nuclear Power Engineer,177855,1,1,15,44
42,Dominick,Houseman,dhouseman15@list-manage.com,Male,Support,Web Developer IV,258379,5,4,18,41
43,Wainwright,Gow,wgow16@delicious.com,Male,Business Development,Project Manager,164356,3,3,7,36
44,Dennet,Palatini,dpalatini17@ft.com,Male,Support,Statistician IV,166002,5,4,5,24
45,Cristy,Tyzack,ctyzack18@tmall.com,Female,Legal,VP Product Management,254879,2,5,5,47
46,Stanislaw,Ridoutt,sridoutt19@omniture.com,Male,Research and Development,Librarian,158092,3,4,19,39
47,Dyanne,Romushkin,dromushkin1a@naver.com,Female,Human Resources,Administrative Assistant II,78857,1,4,18,31
48,Carlota,Rableau,crableau1b@prweb.com,Female,Human Resources,Dental Hygienist,130569,1,1,12,48
49,Monah,Plackstone,mplackstone1c@nifty.com,Female,Business Development,Administrative Assistant I,141633,1,5,5,26
50,Sanford,Prynne,sprynne1d@elpais.com,Male,Sales,Structural Engineer,256473,2,4,13,32
51,Salvador,Andrin,sandrin1e@live.com,Male,Product Management,Chief Design Engineer,45425,5,5,14,46
52,Justen,Iacovides,jiacovides1f@marketwatch.com,Male,Business Development,Executive Secretary,219535,5,1,4,47
53,Collie,Torra,ctorra1g@elegantthemes.com,Female,Human Resources,Professor,261874,1,5,16,28
54,Stearn,Squeers,ssqueers1h@quantcast.com,Male,Marketing,Marketing Assistant,133037,5,1,3,37
55,Donny,Gallichan,dgallichan1i@photobucket.com,Female,Human Resources,Analyst Programmer,235976,5,5,20,44
56,Piggy,Castello,pcastello1j@naver.com,Male,Human Resources,Budget/Accounting Analyst I,51144,5,3,7,57
57,Hanan,Treat,htreat1k@walmart.com,Male,Support,Civil Engineer,39943,3,1,10,36
58,Phineas,Manilove,pmanilove1l@illinois.edu,Male,Marketing,Web Developer I,42332,5,5,19,45
59,Ruddie,Jennemann,rjennemann1m@macromedia.com,Male,Business Development,Automation Specialist II,122030,4,1,17,43
60,Curtice,Jecock,cjecock1n@flavors.me,Male,Training,Clinical Specialist,212667,5,4,10,22
61,Sigismond,MacArthur,smacarthur1o@google.fr,Male,Engineering,Design Engineer,128745,3,5,14,42
62,Byrle,Wolfinger,bwolfinger1p@kickstarter.com,Male,Legal,Research Nurse,135178,1,1,15,21
63,Tersina,Geaney,tgeaney1q@chronoengine.com,Female,Product Management,Human Resources Manager,252343,4,3,11,27
64,Sigismond,Grisedale,sgrisedale1r@smh.com.au,Male,Services,VP Sales,60154,5,2,10,41
65,Nicole,Woodfin,nwoodfin1s@oracle.com,Female,Sales,Geological Engineer,205614,2,3,12,53
66,Chucho,Romi,cromi1t@studiopress.com,Male,Business Development,Clinical Specialist,142757,5,4,10,49
67,Kirk,Liggens,kliggens1u@sohu.com,Male,Research and Development,Geological Engineer,140797,3,5,10,21
68,Norris,Beavon,nbeavon1v@etsy.com,Male,Engineering,Senior Cost Accountant,223089,5,4,19,26
69,Baldwin,Degoix,bdegoix1w@aol.com,Male,Training,Internal Auditor,106076,2,2,18,23
70,Hilliary,Vennard,hvennard1x@nhs.uk,Female,Product Management,Registered Nurse,136476,5,4,8,49
71,Horacio,I'anson,hianson1y@cocolog-nifty.com,Male,Engineering,Sales Representative,248677,1,3,16,53
72,Imogen,Hodgins,ihodgins1z@domainmarket.com,Female,Research and Development,Accountant III,174235,1,4,3,48
73,Cesare,Bestwerthick,cbestwerthick20@flickr.com,Male,Services,Quality Engineer,197738,2,5,4,24
74,Bartholomew,Rennocks,brennocks21@geocities.jp,Male,Human Resources,Geological Engineer,254127,4,1,5,35
75,Woodrow,Rosi,wrosi22@miibeian.gov.cn,Male,Research and Development,Engineer IV,157035,2,4,7,55
76,Maressa,Massot,mmassot23@tinypic.com,Female,Business Development,Recruiting Manager,194336,3,3,12,50
77,Rayna,Spikeings,rspikeings24@gov.uk,Female,Marketing,Software Engineer II,246741,4,5,14,39
78,Arther,Mazdon,amazdon25@icq.com,Male,Legal,Senior Quality Engineer,158030,5,5,4,25
79,Wang,Bezley,wbezley26@alexa.com,Male,Marketing,Analyst Programmer,145359,5,3,8,40
80,Dudley,Daveley,ddaveley27@umn.edu,Male,Research and Development,Desktop Support Technician,218230,4,2,5,44
81,Colin,Burgwyn,cburgwyn28@ebay.com,Male,Training,Analyst Programmer,175274,5,4,10,27
82,Yorke,Woolacott,ywoolacott29@walmart.com,Male,Engineering,Staff Accountant IV,231528,4,5,16,35
83,Emmott,Ginger,eginger2a@over-blog.com,Male,Support,Staff Accountant IV,120711,4,4,1,45
84,Idalia,Ubach,iubach2b@phoca.cz,Female,Training,VP Product Management,249625,4,4,8,55
85,Paten,Filby,pfilby2c@bloglines.com,Male,Accounting,Nuclear Power Engineer,243414,5,4,6,55
86,Thibaud,Matten,tmatten2d@tripod.com,Male,Legal,Director of Sales,168307,1,3,17,52
87,Kayne,Veall,kveall2e@apple.com,Male,Engineering,Actuary,126773,2,5,19,34
88,Lindsay,Lowen,llowen2f@usda.gov,Female,Accounting,Environmental Tech,228881,4,3,1,23
89,Nahum,Humbles,nhumbles2g@com.com,Male,Sales,Pharmacist,168523,5,2,20,54
90,Bram,Fone,bfone2h@buzzfeed.com,Male,Support,Chemical Engineer,153009,3,3,17,51
91,Olvan,Bonafacino,obonafacino2i@slate.com,Male,Product Management,Biostatistician II,99131,3,1,14,44
92,Lanni,Charkham,lcharkham2j@ebay.com,Female,Accounting,Civil Engineer,149087,1,3,14,25
93,Camella,Ceyssen,cceyssen2k@umich.edu,Female,Human Resources,Environmental Tech,139393,4,2,16,51
94,Bo,Melmoth,bmelmoth2l@surveymonkey.com,Male,Human Resources,Environmental Specialist,51008,1,1,4,34
95,Vonni,Flecknoe,vflecknoe2m@blogs.com,Female,Business Development,Recruiter,140872,2,4,1,28
96,Armin,Browse,abrowse2n@howstuffworks.com,Male,Support,Mechanical Systems Engineer,167791,2,4,12,35
97,Chan,Beirne,cbeirne2o@ocn.ne.jp,Male,Research and Development,VP Product Management,59139,1,5,6,40
98,Hesther,Heatly,hheatly2p@usatoday.com,Female,Sales,Business Systems Development Analyst,88763,1,3,9,53
99,Sena,Robilart,srobilart2q@mac.com,Female,Engineering,Accountant III,107924,3,2,17,36
100,Britney,Boteman,bboteman2r@dyndns.org,Female,Services,Office Assistant IV,191126,5,4,13,35
101,Melisse,Haighton,mhaighton2s@hostgator.com,Female,Product Management,Staff Scientist,208296,1,4,14,34
102,Bern,Bromehed,bbromehed2t@boston.com,Male,Legal,Physical Therapy Assistant,154819,5,3,18,31
103,Sigfrid,Hastin,shastin2u@technorati.com,Male,Accounting,Senior Editor,256604,3,4,8,26
104,Mohandas,Cornford,mcornford2v@geocities.jp,Male,Research and Development,Nuclear Power Engineer,144281,5,4,13,22
105,Tamas,Swayton,tswayton2w@ustream.tv,Male,Training,Payment Adjustment Coordinator,49980,4,5,12,41
106,Uriel,Dechelette,udechelette2x@fastcompany.com,Male,Support,Research Assistant II,209807,2,4,13,38
107,Lenci,Klimus,lklimus2y@ycombinator.com,Male,Legal,Research Associate,220632,2,2,6,43
108,Cointon,Hackney,chackney2z@wp.com,Male,Legal,Technical Writer,204227,5,1,18,22
109,Kim,Grent,kgrent30@studiopress.com,Male,Business Development,Cost Accountant,70821,1,2,20,21
110,Debbi,Pennycord,dpennycord31@purevolume.com,Female,Legal,Junior Executive,192995,3,5,12,32
111,Rozella,Winter,rwinter32@prlog.org,Female,Support,Media Manager II,157518,4,2,6,57
112,Jermayne,Bartosinski,jbartosinski33@mit.edu,Male,Research and Development,Staff Scientist,86210,4,3,3,26
113,Granger,Pryke,gpryke34@netscape.com,Male,Engineering,Structural Analysis Engineer,133040,2,2,2,24
114,Rosalynd,Jamieson,rjamieson35@sciencedirect.com,Female,Human Resources,Research Assistant II,70535,2,3,16,57
115,Griz,Keizman,gkeizman36@trellian.com,Male,Marketing,Safety Technician II,159186,5,2,6,34
116,Costa,Gibling,cgibling37@census.gov,Male,Sales,GIS Technical Architect,159384,3,5,12,30
117,Gwenni,Croster,gcroster38@e-recht24.de,Female,Business Development,Junior Executive,158463,3,4,5,56
118,Ranee,Dimmer,rdimmer39@weibo.com,Female,Sales,Systems Administrator III,215304,4,2,11,45
119,Stacee,Pitcock,spitcock3a@noaa.gov,Male,Human Resources,Staff Scientist,113705,1,4,6,44
120,Fedora,Suter,fsuter3b@typepad.com,Female,Support,Account Representative I,49887,2,1,12,49
121,Bradan,Aberhart,baberhart3c@purevolume.com,Male,Business Development,Help Desk Operator,167694,1,1,20,55
122,Melloney,Jobke,mjobke3d@imdb.com,Female,Sales,Pharmacist,210577,1,5,20,44
123,Gay,Sheerin,gsheerin3e@techcrunch.com,Female,Research and Development,Administrative Officer,196147,5,5,16,45
124,Sorcha,Zaniolini,szaniolini3f@gov.uk,Female,Sales,Account Representative IV,225944,4,5,20,32
125,Ephraim,Caselli,ecaselli3g@prweb.com,Male,Support,Marketing Manager,84534,1,5,18,54
126,Anderea,Lansley,alansley3h@answers.com,Female,Business Development,Data Coordinator,87765,2,4,1,44
127,Jobina,Londors,jlondors3i@barnesandnoble.com,Female,Training,Office Assistant IV,126519,3,2,11,28
128,Cindee,Gherarducci,cgherarducci3j@clickbank.net,Female,Sales,Civil Engineer,144787,1,2,5,56
129,Bianka,Gingold,bgingold3k@shop-pro.jp,Female,Support,Assistant Media Planner,114679,2,5,19,39
130,Amandie,Scutter,ascutter3l@marriott.com,Female,Human Resources,Chemical Engineer,147932,5,5,12,57
131,Saul,Feldhorn,sfeldhorn3m@wikipedia.org,Male,Training,Civil Engineer,171849,5,2,2,32
132,Grace,Diben,gdiben3n@goo.ne.jp,Female,Legal,Internal Auditor,147034,5,5,5,36
133,Joya,Pither,jpither3o@whitehouse.gov,Female,Human Resources,Media Manager III,22986,3,3,19,44
134,Harper,Harston,hharston3p@cafepress.com,Male,Training,Biostatistician III,44107,1,1,10,54
135,Glen,Carnegie,gcarnegie3q@behance.net,Male,Accounting,Senior Cost Accountant,227120,3,4,2,24
136,Sandra,Sparsholt,ssparsholt3r@yellowpages.com,Female,Research and Development,VP Sales,238541,3,4,14,25
137,Stacee,Ruckledge,sruckledge3s@cbslocal.com,Male,Human Resources,Account Representative II,231437,3,5,5,58
138,Laney,Kellick,lkellick3t@princeton.edu,Male,Accounting,Assistant Professor,111693,4,3,1,51
139,Ora,Flancinbaum,oflancinbaum3u@ftc.gov,Female,Training,Assistant Professor,233690,2,4,7,26
140,Jacklin,Spenley,jspenley3v@abc.net.au,Female,Legal,Chief Design Engineer,227464,3,1,5,29
141,Verine,Brigg,vbrigg3w@csmonitor.com,Female,Support,Executive Secretary,196377,5,2,10,45
142,Ada,Humpage,ahumpage3x@jugem.jp,Female,Business Development,Web Designer II,46452,2,1,19,43
143,Silva,Eastway,seastway3y@elpais.com,Female,Accounting,Recruiting Manager,144341,4,3,11,46
144,Nickolas,Benois,nbenois3z@nature.com,Male,Support,Research Associate,231477,3,1,4,56
145,Zebulen,Brudenell,zbrudenell40@zdnet.com,Male,Research and Development,Help Desk Technician,204939,2,2,13,39
146,Kattie,Adnet,kadnet41@mediafire.com,Female,Engineering,Mechanical Systems Engineer,208315,3,4,2,23
147,Conrad,Kopman,ckopman42@eventbrite.com,Male,Training,Assistant Manager,211928,3,2,16,53
148,Tatiana,Pardal,tpardal43@discovery.com,Female,Accounting,Programmer II,228994,1,1,18,35
149,Fleming,Geockle,fgeockle44@census.gov,Male,Engineering,Associate Professor,138915,1,2,2,32
150,Brit,Lowery,blowery45@netvibes.com,Female,Engineering,Accounting Assistant III,67642,4,5,3,53
151,Tedda,Such,tsuch46@wunderground.com,Female,Services,Assistant Manager,218044,5,4,19,26
152,Rosemonde,Gibbieson,rgibbieson47@omniture.com,Female,Sales,Project Manager,86112,4,3,14,27
153,Letti,Bearcock,lbearcock48@yale.edu,Female,Support,Accountant III,189942,2,2,8,48
154,Grover,Wolfit,gwolfit49@1688.com,Male,Support,Safety Technician III,30820,2,2,6,33
155,Carce,Betterton,cbetterton4a@desdev.cn,Male,Services,Administrative Assistant II,115171,5,5,20,56
156,Brad,Misson,bmisson4b@youku.com,Male,Sales,Business Systems Development Analyst,48377,2,4,8,51
157,Felisha,Grgic,fgrgic4c@delicious.com,Female,Business Development,Professor,146853,2,5,9,22
158,Bendix,Mithan,bmithan4d@ucla.edu,Male,Business Development,Database Administrator III,235461,2,2,11,26
159,Nestor,Train,ntrain4e@privacy.gov.au,Male,Engineering,Tax Accountant,268757,1,5,15,49
160,Merrili,Cheson,mcheson4f@fotki.com,Female,Marketing,Operator,88821,1,4,5,43
161,Garvey,Haslock,ghaslock4g@ebay.com,Male,Support,VP Marketing,255483,4,5,14,25
162,Prentice,Pegg,ppegg4h@microsoft.com,Male,Human Resources,Legal Assistant,125094,5,5,18,23
163,Viola,Valerio,vvalerio4i@bing.com,Female,Business Development,Financial Analyst,34389,3,4,10,35
164,Aldin,Chomiszewski,achomiszewski4j@artisteer.com,Male,Human Resources,Product Engineer,134994,2,2,10,52
165,Chev,Wigin,cwigin4k@people.com.cn,Male,Accounting,Assistant Manager,169253,4,3,9,58
166,Lauritz,Gallaher,lgallaher4l@yale.edu,Male,Engineering,Geological Engineer,235708,4,2,5,48
167,Briana,Mundall,bmundall4m@artisteer.com,Female,Business Development,Nuclear Power Engineer,274800,1,4,13,43
168,Cecilio,Melesk,cmelesk4n@wufoo.com,Male,Support,VP Accounting,267339,5,2,4,44
169,Caroline,Blankett,cblankett4o@ibm.com,Female,Business Development,Sales Associate,41182,5,2,4,54
170,Byrle,Pridie,bpridie4p@chron.com,Male,Training,General Manager,135972,4,1,14,47
171,Giorgi,Pether,gpether4q@deliciousdays.com,Male,Research and Development,Design Engineer,198728,5,2,19,25
172,Vasili,Rosone,vrosone4r@indiatimes.com,Male,Sales,Assistant Professor,163998,3,2,16,28
173,Rosalinde,Harwick,rharwick4s@icio.us,Female,Research and Development,Software Test Engineer III,51929,2,1,5,40
174,Tessi,Ebbens,tebbens4t@purevolume.com,Female,Legal,Librarian,174996,1,5,6,42
175,Eimile,Wheelton,ewheelton4u@discovery.com,Female,Research and Development,Electrical Engineer,208630,3,3,18,44
176,Fawnia,Ornelas,fornelas4v@netlog.com,Female,Sales,Accounting Assistant I,109602,5,2,2,23
177,Dall,Naish,dnaish4w@yellowbook.com,Male,Training,Registered Nurse,139037,2,2,17,24
178,Hally,Rettie,hrettie4x@google.de,Female,Business Development,Human Resources Assistant IV,93142,3,3,20,52
179,Cordy,Peacham,cpeacham4y@wikipedia.org,Female,Services,Product Engineer,89783,4,2,9,44
180,Taddeusz,Gerrans,tgerrans4z@blogspot.com,Male,Services,Research Nurse,42133,2,5,8,33
181,Zita,Beauvais,zbeauvais50@bing.com,Female,Business Development,Engineer IV,171660,1,3,16,50
182,Lynsey,Kolis,lkolis51@exblog.jp,Female,Human Resources,Graphic Designer,247349,5,3,13,46
183,Rosemonde,Lapworth,rlapworth52@oakley.com,Female,Support,Senior Cost Accountant,275657,1,5,8,47
184,Inigo,Haucke,ihaucke53@accuweather.com,Male,Engineering,Nuclear Power Engineer,55267,4,1,19,31
185,Tammara,Spring,tspring54@multiply.com,Female,Sales,Marketing Manager,83129,2,5,11,51
186,Garik,Daviot,gdaviot55@wordpress.org,Male,Marketing,Teacher,112006,4,2,16,46
187,Jdavie,Danks,jdanks56@cocolog-nifty.com,Male,Training,Nurse,185858,4,5,12,39
188,Gwendolen,Winkworth,gwinkworth57@sciencedirect.com,Female,Marketing,Paralegal,268208,3,1,5,46
189,Judye,Mapp,jmapp58@360.cn,Female,Engineering,Professor,127545,3,4,4,33
190,Tommie,Huggin,thuggin59@upenn.edu,Male,Support,Account Representative I,173046,1,2,19,27
191,Keene,Alabaster,kalabaster5a@baidu.com,Male,Accounting,Chemical Engineer,202451,2,3,3,54
192,Timmie,Bagot,tbagot5b@shop-pro.jp,Male,Marketing,Structural Engineer,84966,1,2,3,49
193,Yancey,Bolesworth,ybolesworth5c@homestead.com,Male,Accounting,Food Chemist,36917,2,1,3,57
194,Monroe,Ruskin,mruskin5d@seesaa.net,Male,Human Resources,Social Worker,252934,4,2,18,25
195,Sabrina,Dulany,sdulany5e@1688.com,Female,Research and Development,Physical Therapy Assistant,161244,3,2,18,34
196,Brandy,Biesty,bbiesty5f@aol.com,Female,Engineering,Electrical Engineer,87225,2,2,13,26
197,Irvin,McGinny,imcginny5g@over-blog.com,Male,Research and Development,Statistician IV,89699,1,5,3,47
198,Marcellus,Moubray,mmoubray5h@kickstarter.com,Male,Human Resources,Teacher,225760,3,5,7,37
199,Nicolle,Strippling,nstrippling5i@opensource.org,Female,Support,Financial Advisor,121337,1,1,17,45
200,Cherish,Faithorn,cfaithorn5j@purevolume.com,Female,Human Resources,VP Sales,260569,3,1,1,30
201,Sibelle,Ajsik,sajsik5k@mtv.com,Female,Engineering,Software Consultant,66003,3,4,12,57
202,Pasquale,Tee,ptee5l@guardian.co.uk,Male,Training,Project Manager,230865,2,1,10,35
203,Martie,Simester,msimester5m@goo.ne.jp,Male,Marketing,Occupational Therapist,55008,4,4,13,21
204,Lyndsey,Boards,lboards5n@trellian.com,Female,Accounting,Compensation Analyst,132244,1,5,7,31
205,Franciska,Slack,fslack5o@tripadvisor.com,Female,Research and Development,Electrical Engineer,133681,1,4,10,47
206,Eden,Bagster,ebagster5p@tamu.edu,Female,Training,Environmental Specialist,63882,4,2,19,35
207,Lewiss,Haglington,lhaglington5q@de.vu,Male,Training,Staff Accountant I,41072,4,3,8,40
208,Lisetta,Jenicek,ljenicek5r@reference.com,Female,Marketing,Assistant Professor,170800,5,2,17,56
209,Dru,Matchitt,dmatchitt5s@goodreads.com,Male,Sales,Statistician I,154737,4,1,12,56
210,Lora,McTurlough,lmcturlough5t@nih.gov,Female,Services,Professor,84599,4,4,3,46
211,Ansell,Betteriss,abetteriss5u@opensource.org,Male,Marketing,Staff Scientist,211850,5,2,15,56
212,Daveta,Annwyl,dannwyl5v@phoca.cz,Female,Human Resources,Marketing Manager,68289,2,5,6,32
213,Idalina,Mangam,imangam5w@woothemes.com,Female,Training,Paralegal,226830,2,4,20,23
214,Wilhelmina,Balhatchet,wbalhatchet5x@drupal.org,Female,Sales,Staff Accountant IV,25358,5,4,5,44
215,Uri,Povall,upovall5y@godaddy.com,Male,Training,Structural Analysis Engineer,244146,2,1,2,23
216,Katharina,Cullip,kcullip5z@youtu.be,Female,Engineering,Accountant II,227486,3,5,11,53
217,Otes,Karpman,okarpman60@ocn.ne.jp,Male,Services,Director of Sales,203628,4,3,2,54
218,Daile,Ivantyev,divantyev61@archive.org,Female,Research and Development,Safety Technician I,266051,1,3,1,55
219,Filbert,Cuvley,fcuvley62@reddit.com,Male,Marketing,Administrative Assistant II,165782,4,3,15,23
220,Yoshi,Whalley,ywhalley63@com.com,Female,Sales,Engineer III,41338,5,5,1,51
221,Giulio,Soppitt,gsoppitt64@telegraph.co.uk,Male,Accounting,Business Systems Development Analyst,245279,2,5,5,47
222,Rivkah,Dorwood,rdorwood65@themeforest.net,Female,Accounting,Food Chemist,43710,1,1,11,44
223,Tresa,Davidovich,tdavidovich66@constantcontact.com,Female,Training,Budget/Accounting Analyst I,142351,5,1,17,38
224,Alexa,Jochens,ajochens67@gizmodo.com,Female,Services,Web Developer II,154559,1,4,2,41
225,Emmet,Lovegrove,elovegrove68@opera.com,Male,Support,Staff Scientist,95972,1,1,8,45
226,Jewel,Mattes,jmattes69@un.org,Female,Support,Speech Pathologist,54391,1,1,16,58
227,Tildi,Cofax,tcofax6a@foxnews.com,Female,Business Development,Mechanical Systems Engineer,217214,3,3,10,21
228,Geraldine,Hackett,ghackett6b@dmoz.org,Female,Marketing,Nurse Practicioner,169178,5,2,20,53
229,Aili,Streatfeild,astreatfeild6c@auda.org.au,Female,Engineering,Assistant Media Planner,107305,2,5,4,25
230,Lise,Eagar,leagar6d@bigcartel.com,Female,Engineering,Payment Adjustment Coordinator,42670,5,2,14,46
231,Kiley,Castleman,kcastleman6e@comsenz.com,Male,Human Resources,Engineer III,191839,1,1,16,35
232,Judye,Camillo,jcamillo6f@istockphoto.com,Female,Research and Development,Sales Associate,45909,2,3,5,40
233,Wadsworth,Conn,wconn6g@elpais.com,Male,Services,VP Accounting,96675,2,4,1,55
234,Tracy,Janusz,tjanusz6h@ocn.ne.jp,Female,Business Development,Desktop Support Technician,259373,1,3,7,52
235,Valina,Eccleshare,veccleshare6i@newyorker.com,Female,Marketing,Actuary,83595,5,3,9,45
236,Hurleigh,Pele,hpele6j@xinhuanet.com,Male,Marketing,Account Coordinator,92585,5,4,17,41
237,Jamill,Gillooly,jgillooly6k@nih.gov,Male,Services,Tax Accountant,39218,1,3,15,35
238,Alene,Stennes,astennes6l@va.gov,Female,Human Resources,Product Engineer,109546,1,3,15,27
239,Robin,Broadbury,rbroadbury6m@dot.gov,Female,Training,Help Desk Technician,92315,2,5,11,28
240,Garvey,Archibold,garchibold6n@dropbox.com,Male,Training,Research Associate,49439,4,4,1,33
241,Nealon,Gerriet,ngerriet6o@buzzfeed.com,Male,Sales,Dental Hygienist,115320,3,3,8,39
242,Heywood,Hindge,hhindge6p@deliciousdays.com,Male,Sales,Electrical Engineer,233765,1,2,1,51
243,Leia,Maxsted,lmaxsted6q@miibeian.gov.cn,Female,Research and Development,Web Designer III,115620,1,4,1,25
244,Jens,Housecraft,jhousecraft6r@feedburner.com,Male,Support,Programmer III,41009,5,2,20,52
245,Oralee,Lighton,olighton6s@telegraph.co.uk,Female,Legal,Administrative Assistant I,22911,5,2,10,47
246,Chandler,Ascroft,cascroft6t@bloomberg.com,Male,Engineering,Accounting Assistant III,263853,1,4,7,33
247,Berton,Fairburn,bfairburn6u@mozilla.org,Male,Training,Structural Engineer,79675,1,4,20,46
248,Dannie,Eastbury,deastbury6v@hc360.com,Female,Training,Chemical Engineer,229819,2,5,1,38
249,Gus,Nyssen,gnyssen6w@macromedia.com,Female,Services,Automation Specialist I,150631,5,4,11,28
250,Eben,McClymont,emcclymont6x@bloglines.com,Male,Sales,Desktop Support Technician,113850,2,3,14,22
251,Zola,Miner,zminer6y@networkadvertising.org,Female,Human Resources,Project Manager,112126,3,4,8,46
252,Baryram,Cersey,bcersey6z@imgur.com,Male,Sales,Human Resources Assistant I,244579,3,4,18,41
253,Addi,Lecointe,alecointe70@google.es,Female,Research and Development,Professor,83460,4,4,20,52
254,Ashbey,Jeromson,ajeromson71@liveinternet.ru,Male,Services,VP Marketing,45981,5,1,16,52
255,Michaella,Bartaletti,mbartaletti72@indiegogo.com,Female,Support,Junior Executive,222060,2,3,4,45
256,Stu,Itzkin,sitzkin73@tripod.com,Male,Engineering,Social Worker,236837,1,5,12,47
257,Louis,Rendall,lrendall74@ox.ac.uk,Male,Accounting,Desktop Support Technician,186068,2,3,13,57
258,Miller,Emblow,memblow75@istockphoto.com,Male,Marketing,Account Representative I,68908,1,3,19,22
259,Tiffi,Rickarsey,trickarsey76@imgur.com,Female,Product Management,VP Sales,188693,4,1,19,27
260,Stanwood,Wellstood,swellstood77@mashable.com,Male,Accounting,Software Engineer IV,115591,5,1,9,40
261,Fabiano,Bwye,fbwye78@nasa.gov,Male,Human Resources,Programmer Analyst IV,276833,2,2,5,30
262,Chevy,Seefeldt,cseefeldt79@wikia.com,Male,Sales,Software Test Engineer IV,35374,3,5,2,44
263,Sherman,Style,sstyle7a@edublogs.org,Male,Accounting,VP Sales,226016,1,4,8,34
264,Kinny,Bercher,kbercher7b@alexa.com,Male,Business Development,Recruiting Manager,201924,3,1,1,35
265,Anatole,Tooze,atooze7c@reference.com,Male,Sales,Internal Auditor,237465,4,5,4,50
266,Ileane,Yorath,iyorath7d@digg.com,Female,Support,Technical Writer,220429,2,2,19,53
267,Stanislaus,Pugh,spugh7e@opera.com,Male,Product Management,Assistant Professor,211547,1,5,5,24
268,Fonsie,Krimmer,fkrimmer7f@skype.com,Male,Engineering,Engineer I,168734,5,3,18,45
269,Valera,Rubertelli,vrubertelli7g@miitbeian.gov.cn,Female,Engineering,Geological Engineer,141220,5,1,8,37
270,Cordell,Smaling,csmaling7h@goo.gl,Male,Human Resources,VP Accounting,236984,2,3,9,29
271,Karine,Lamport,klamport7i@typepad.com,Female,Marketing,Sales Associate,156130,4,4,4,52
272,Cheslie,Sauvage,csauvage7j@barnesandnoble.com,Female,Support,Recruiter,153394,2,3,3,24
273,Cullen,Colvie,ccolvie7k@globo.com,Male,Accounting,Information Systems Manager,133072,1,2,9,43
274,Mariejeanne,Losemann,mlosemann7l@scribd.com,Female,Marketing,Senior Developer,190159,1,4,12,57
275,Biddy,Domaschke,bdomaschke7m@nyu.edu,Female,Support,Chemical Engineer,71024,2,2,19,50
276,Ham,Tubby,htubby7n@globo.com,Male,Business Development,Senior Financial Analyst,144998,5,1,5,43
277,Hedvig,Lockwood,hlockwood7o@sciencedirect.com,Female,Business Development,Senior Quality Engineer,178596,4,3,5,32
278,Coralyn,Daulton,cdaulton7p@w3.org,Female,Human Resources,Accounting Assistant II,24349,2,5,7,54
279,Vannie,Pavkovic,vpavkovic7q@smh.com.au,Female,Product Management,Automation Specialist IV,164807,3,4,16,51
280,Weider,Hullbrook,whullbrook7r@aboutads.info,Male,Legal,Electrical Engineer,274838,4,4,11,44
281,Otis,Michel,omichel7s@hugedomains.com,Male,Support,Administrative Assistant IV,148724,5,4,10,49
282,Vickie,Cumming,vcumming7t@dailymotion.com,Female,Accounting,Financial Analyst,89574,4,1,14,31
283,Bogey,Girk,bgirk7u@uiuc.edu,Male,Engineering,Environmental Tech,156743,4,2,9,47
284,Carlos,Veque,cveque7v@sohu.com,Male,Business Development,Biostatistician III,81591,5,1,3,35
285,Radcliffe,Duxfield,rduxfield7w@canalblog.com,Male,Research and Development,Community Outreach Specialist,210277,1,4,7,33
286,Arie,Geddes,ageddes7x@buzzfeed.com,Male,Human Resources,Web Developer I,263902,2,5,12,37
287,Ursula,Alessandrucci,ualessandrucci7y@rambler.ru,Female,Services,Sales Representative,43730,2,5,3,28
288,Robinetta,Pringour,rpringour7z@stanford.edu,Female,Services,Programmer II,120737,4,5,20,49
289,Corbett,Pietrzak,cpietrzak80@microsoft.com,Male,Accounting,Marketing Assistant,87192,3,4,20,23
290,Lorain,Cannicott,lcannicott81@edublogs.org,Female,Support,Marketing Assistant,149025,3,1,3,53
291,Broderic,Stelfox,bstelfox82@businesswire.com,Male,Product Management,VP Quality Control,186536,5,3,5,53
292,Reeta,Melia,rmelia83@delicious.com,Female,Marketing,VP Accounting,243069,5,2,4,34
293,Renado,Spiniello,rspiniello84@mediafire.com,Male,Training,VP Product Management,170438,4,5,20,33
294,Grannie,Mangam,gmangam85@imgur.com,Male,Legal,Mechanical Systems Engineer,84798,1,2,17,36
295,Tobias,Comber,tcomber86@joomla.org,Male,Support,Assistant Professor,259112,3,2,7,37
296,Ailis,Saunderson,asaunderson87@webnode.com,Female,Product Management,Account Representative II,218785,5,2,17,27
297,Shurlocke,Losemann,slosemann88@alibaba.com,Male,Research and Development,Recruiting Manager,276115,1,4,3,26
298,Thom,Ravilious,travilious89@vkontakte.ru,Male,Services,Electrical Engineer,250993,2,1,16,48
299,Otho,Durden,odurden8a@earthlink.net,Male,Support,Internal Auditor,81080,5,4,6,25
300,Brandi,Gervaise,bgervaise8b@columbia.edu,Female,Marketing,Speech Pathologist,101828,5,4,5,26
301,Moreen,Dohr,mdohr8c@nih.gov,Female,Legal,Data Coordinator,192668,1,5,16,30
302,Carilyn,Heavy,cheavy8d@bravesites.com,Female,Sales,Senior Quality Engineer,101882,4,3,1,45
303,Heinrik,Pollie,hpollie8e@mozilla.org,Male,Training,Software Engineer IV,158853,2,2,11,27
304,Orazio,Vinick,ovinick8f@gizmodo.com,Male,Support,Senior Editor,132094,1,1,18,40
305,Sasha,Dowsing,sdowsing8g@washingtonpost.com,Female,Sales,Community Outreach Specialist,103787,4,4,3,26
306,Zsa zsa,Peckitt,zpeckitt8h@vistaprint.com,Female,Support,Software Test Engineer IV,160810,4,2,20,52
307,Barb,Kleinerman,bkleinerman8i@discovery.com,Female,Marketing,Web Designer III,66658,3,5,9,48
308,Rikki,Pyle,rpyle8j@archive.org,Male,Training,Executive Secretary,98180,1,3,13,51
309,Umberto,Fermor,ufermor8k@topsy.com,Male,Services,Editor,92362,3,1,8,40
310,Elene,Plunkett,eplunkett8l@blogger.com,Female,Business Development,Sales Associate,165128,5,1,3,38
311,Luther,Slay,lslay8m@businessweek.com,Male,Marketing,Financial Advisor,81849,2,2,8,33
312,Klaus,Halladay,khalladay8n@ca.gov,Male,Marketing,Analyst Programmer,79357,2,3,3,39
313,Glenn,Jarmain,gjarmain8o@netscape.com,Female,Business Development,Project Manager,33272,3,5,12,58
314,Luca,Kyte,lkyte8p@meetup.com,Male,Research and Development,Pharmacist,200356,3,3,4,43
315,Tawsha,Guierre,tguierre8q@google.ru,Female,Accounting,Occupational Therapist,253760,3,3,10,58
316,Tristan,Pedley,tpedley8r@sciencedirect.com,Male,Engineering,Graphic Designer,51725,4,5,16,34
317,Marena,Checchetelli,mchecchetelli8s@bloomberg.com,Female,Research and Development,VP Sales,63198,5,5,18,38
318,Sheffield,Smeeth,ssmeeth8t@europa.eu,Male,Support,Engineer II,123160,4,4,16,38
319,Gustave,Milazzo,gmilazzo8u@example.com,Male,Marketing,Legal Assistant,64447,1,4,5,49
320,Caty,Jarrold,cjarrold8v@4shared.com,Female,Research and Development,Mechanical Systems Engineer,30636,5,4,7,25
321,Bobinette,Heaford,bheaford8w@sciencedirect.com,Female,Sales,Paralegal,215264,5,1,20,31
322,Nickolai,Joron,njoron8x@angelfire.com,Male,Services,VP Quality Control,58329,3,1,6,52
323,Rachele,Trays,rtrays8y@ehow.com,Female,Product Management,Actuary,247528,5,4,13,45
324,Carry,Ells,cells8z@issuu.com,Female,Sales,Project Manager,188613,4,1,11,53
325,Mary,O'Fearguise,mofearguise90@narod.ru,Female,Marketing,Food Chemist,91087,3,1,19,46
326,Pepita,Skerratt,pskerratt91@reverbnation.com,Female,Support,Occupational Therapist,128248,5,2,17,36
327,Agneta,Feetham,afeetham92@fastcompany.com,Female,Accounting,Media Manager III,122532,1,5,13,35
328,Rickard,Baitey,rbaitey93@rambler.ru,Male,Sales,Programmer I,237822,5,4,3,21
329,Frazer,Hellard,fhellard94@parallels.com,Male,Research and Development,VP Marketing,199268,3,1,14,21
330,Maribelle,Gordge,mgordge95@purevolume.com,Female,Accounting,Health Coach III,57847,1,4,3,23
331,Sylas,Harwell,sharwell96@google.ru,Male,Legal,Social Worker,92620,5,1,3,47
332,Benito,Lanchbery,blanchbery97@icq.com,Male,Marketing,Geologist IV,219509,4,2,14,32
333,Sophey,Nurny,snurny98@yolasite.com,Female,Marketing,Environmental Tech,67393,4,4,16,44
334,Verla,Attow,vattow99@spiegel.de,Female,Engineering,Recruiting Manager,263763,2,3,12,23
335,Ave,Ashwood,aashwood9a@technorati.com,Male,Product Management,Assistant Media Planner,185114,5,5,2,29
336,Carmencita,Fotheringham,cfotheringham9b@reference.com,Female,Training,Software Consultant,101930,3,4,6,45
337,Tedda,Catteroll,tcatteroll9c@amazonaws.com,Female,Training,Geological Engineer,273799,5,5,16,42
338,Khalil,Bostock,kbostock9d@g.co,Male,Services,Analyst Programmer,98639,5,2,11,30
339,Bella,Hollyman,bhollyman9e@whitehouse.gov,Female,Legal,Programmer Analyst I,107385,5,1,10,28
340,Moise,Lidgerton,mlidgerton9f@youtube.com,Male,Sales,Analyst Programmer,110173,3,2,7,30
341,Donnajean,Innman,dinnman9g@howstuffworks.com,Female,Accounting,Statistician IV,179615,1,2,8,33
342,Hedvige,Greenlies,hgreenlies9h@wikia.com,Female,Marketing,VP Accounting,30936,1,4,16,42
343,Camel,Terbeck,cterbeck9i@goo.gl,Female,Human Resources,Human Resources Manager,132258,1,2,13,51
344,Beniamino,Dawtrey,bdawtrey9j@dailymail.co.uk,Male,Research and Development,Quality Engineer,63685,4,1,1,25
345,Rozelle,Tiley,rtiley9k@china.com.cn,Female,Human Resources,Community Outreach Specialist,203232,4,3,1,41
346,Adlai,Toun,atoun9l@aboutads.info,Male,Engineering,Dental Hygienist,199722,2,2,11,48
347,Camala,Dawtrey,cdawtrey9m@list-manage.com,Female,Business Development,Librarian,45892,3,4,10,34
348,Rozalie,Radwell,rradwell9n@hibu.com,Female,Training,Teacher,200320,3,5,19,57
349,Grenville,D'Ambrosio,gdambrosio9o@bbb.org,Male,Training,Developer I,129638,2,1,8,24
350,Kirstyn,Fagge,kfagge9p@sourceforge.net,Female,Support,Graphic Designer,67999,2,3,18,48
351,Priscilla,Arangy,parangy9q@surveymonkey.com,Female,Sales,Tax Accountant,96770,2,5,1,38
352,Elsa,Lawerence,elawerence9r@netlog.com,Female,Human Resources,Paralegal,259271,2,2,2,50
353,Katha,Deverock,kdeverock9s@upenn.edu,Female,Legal,Business Systems Development Analyst,122678,1,5,8,24
354,Gordon,Playfoot,gplayfoot9t@ebay.com,Male,Training,Assistant Professor,86126,3,4,1,33
355,Garald,Pedden,gpedden9u@parallels.com,Male,Accounting,Librarian,37266,1,2,8,57
356,Wenda,Askin,waskin9v@wunderground.com,Female,Services,Actuary,63102,4,3,14,57
357,Blanch,Shreve,bshreve9w@washington.edu,Female,Marketing,Payment Adjustment Coordinator,98655,3,5,3,38
358,Delmar,Abbe,dabbe9x@networksolutions.com,Male,Accounting,Product Engineer,151900,2,5,13,38
359,Dalton,Lathe,dlathe9y@pbs.org,Male,Accounting,Junior Executive,276789,4,4,2,34
360,Nicolas,Easun,neasun9z@spiegel.de,Male,Human Resources,Compensation Analyst,25749,4,2,2,44
361,Gaile,O'Teague,goteaguea0@dagondesign.com,Male,Marketing,Professor,83044,1,4,13,35
362,Frazier,Jellman,fjellmana1@cloudflare.com,Male,Human Resources,Product Engineer,129927,1,2,4,24
363,Thadeus,Frazer,tfrazera2@sohu.com,Male,Marketing,Internal Auditor,204457,2,1,4,51
364,Lesley,Britney,lbritneya3@baidu.com,Male,Human Resources,Teacher,260270,4,5,2,38
365,Margette,Winscum,mwinscuma4@ebay.com,Female,Product Management,Research Assistant III,270868,1,1,4,55
366,Mollie,Kincade,mkincadea5@webs.com,Female,Product Management,Statistician IV,176805,2,1,5,35
367,Minny,Swepson,mswepsona6@is.gd,Female,Product Management,Legal Assistant,237805,4,1,13,36
368,Sarge,Leer,sleera7@altervista.org,Male,Engineering,Help Desk Operator,107545,3,2,8,26
369,Agata,Craw,acrawa8@arstechnica.com,Female,Sales,Help Desk Operator,146400,3,2,15,55
370,Julita,Beagrie,jbeagriea9@weibo.com,Female,Sales,Actuary,210846,4,2,10,46
371,Marcello,Mac Giany,mmacgianyaa@telegraph.co.uk,Male,Support,Marketing Manager,267366,3,5,17,28
372,Hilde,Novichenko,hnovichenkoab@accuweather.com,Female,Legal,VP Sales,266752,2,1,7,30
373,Torry,Demcik,tdemcikac@imgur.com,Male,Product Management,Quality Engineer,270018,2,2,2,42
374,Rivkah,Hannaby,rhannabyad@psu.edu,Female,Research and Development,Product Engineer,59651,3,2,4,47
375,Annie,Garfit,agarfitae@vimeo.com,Female,Business Development,Structural Engineer,69888,2,1,10,44
376,Anders,Janning,ajanningaf@washington.edu,Male,Training,Structural Engineer,178969,1,3,6,21
377,Renault,Charrier,rcharrierag@dyndns.org,Male,Marketing,Product Engineer,53627,4,5,8,31
378,Jemmy,Alden,jaldenah@deviantart.com,Female,Support,Health Coach III,277770,2,4,1,36
379,Vanya,Eatock,veatockai@weather.com,Male,Business Development,Senior Cost Accountant,35733,4,2,18,43
380,Zacharias,Maple,zmapleaj@facebook.com,Male,Product Management,Software Consultant,259371,5,5,20,54
381,Mortie,Spary,msparyak@myspace.com,Male,Legal,Nurse Practicioner,33122,5,3,17,52
382,Marmaduke,Riggeard,mriggeardal@booking.com,Male,Business Development,VP Quality Control,167752,1,4,2,22
383,Jolie,Preist,jpreistam@t.co,Female,Sales,Geologist III,271118,1,3,10,23
384,Lucilia,Caplis,lcaplisan@samsung.com,Female,Research and Development,Design Engineer,227597,3,3,6,51
385,Leilah,Rives,lrivesao@zimbio.com,Female,Business Development,Social Worker,221589,5,1,1,24
386,Benedick,Durnian,bdurnianap@nsw.gov.au,Male,Services,Senior Editor,130110,2,3,3,25
387,Natale,Lindsay,nlindsayaq@cisco.com,Male,Accounting,Geological Engineer,51724,4,1,9,50
388,Delmor,Orkney,dorkneyar@jimdo.com,Male,Support,Marketing Assistant,275361,5,3,4,23
389,Cher,Hadfield,chadfieldas@foxnews.com,Female,Sales,Associate Professor,162256,3,5,18,43
390,Stanwood,Jarrette,sjarretteat@timesonline.co.uk,Male,Research and Development,Nurse Practicioner,237768,2,1,4,21
391,Dolores,Reddick,dreddickau@mtv.com,Female,Business Development,Help Desk Operator,30494,5,3,2,41
392,Stinky,Franzel,sfranzelav@meetup.com,Male,Marketing,VP Product Management,91101,1,1,13,21
393,Lucas,Rushbrooke,lrushbrookeaw@mtv.com,Male,Marketing,Statistician IV,207838,4,2,5,24
394,Wade,Tregent,wtregentax@hostgator.com,Male,Business Development,Administrative Assistant II,117422,2,4,5,28
395,Sandro,Loren,slorenay@technorati.com,Male,Product Management,Senior Editor,54889,5,3,2,58
396,Ailene,Agates,aagatesaz@reuters.com,Female,Marketing,Budget/Accounting Analyst II,105679,3,4,14,40
397,Caleb,Struis,cstruisb0@amazon.co.jp,Male,Human Resources,Occupational Therapist,120827,1,3,1,48
398,Rasia,Mangan,rmanganb1@europa.eu,Female,Human Resources,Quality Engineer,253446,2,4,2,31
399,Garey,Merton,gmertonb2@joomla.org,Male,Training,Accounting Assistant I,115860,2,2,11,26
400,Drucie,Cawthery,dcawtheryb3@blogspot.com,Female,Sales,Analyst Programmer,44444,5,1,2,40
401,Shandy,Kalinovich,skalinovichb4@histats.com,Female,Research and Development,Systems Administrator IV,23524,3,4,9,56
402,Franky,Manolov,fmanolovb5@blogtalkradio.com,Female,Business Development,Administrative Assistant II,217816,3,3,5,26
403,Bel,Climpson,bclimpsonb6@joomla.org,Female,Legal,Professor,72709,3,1,12,45
404,Claire,McAlpine,cmcalpineb7@example.com,Female,Accounting,Recruiter,120145,5,3,17,52
405,Bessy,Messier,bmessierb8@yolasite.com,Female,Research and Development,Administrative Officer,138424,4,3,15,41
406,Dud,Mouatt,dmouattb9@storify.com,Male,Business Development,Recruiting Manager,175094,2,1,11,49
407,Drake,Ringe,dringeba@nyu.edu,Male,Accounting,Account Executive,219572,1,3,20,25
408,Elle,Culcheth,eculchethbb@youku.com,Female,Legal,Compensation Analyst,112632,1,3,12,42
409,Madlin,Plume,mplumebc@huffingtonpost.com,Female,Sales,Programmer III,31591,2,3,20,52
410,Luelle,Wichard,lwichardbd@networkadvertising.org,Female,Training,Web Developer III,165432,1,4,10,29
411,Bowie,Benitti,bbenittibe@wikispaces.com,Male,Legal,Environmental Tech,130120,2,1,2,41
412,Devlen,Haselhurst,dhaselhurstbf@printfriendly.com,Male,Research and Development,Electrical Engineer,180393,4,4,13,41
413,Larissa,Pochin,lpochinbg@tinyurl.com,Female,Business Development,Business Systems Development Analyst,169072,1,2,3,35
414,Chickie,Varley,cvarleybh@sina.com.cn,Female,Product Management,Nurse,61374,3,5,6,54
415,Haleigh,Westwick,hwestwickbi@nature.com,Female,Sales,Occupational Therapist,206494,3,4,9,25
416,Claudine,Lill,clillbj@surveymonkey.com,Female,Services,Software Test Engineer II,54334,1,5,12,28
417,Garek,Cowderoy,gcowderoybk@gov.uk,Male,Legal,Cost Accountant,97139,1,4,6,37
418,Valma,Gueinn,vgueinnbl@washingtonpost.com,Female,Product Management,Registered Nurse,94240,2,1,4,58
419,Gerardo,Cleminson,gcleminsonbm@economist.com,Male,Marketing,Nurse,164376,3,4,6,24
420,Kirstyn,Perry,kperrybn@cam.ac.uk,Female,Engineering,Marketing Assistant,265664,2,1,13,52
421,Dov,Ropert,dropertbo@ebay.co.uk,Male,Marketing,General Manager,246928,3,5,8,51
422,Justina,Gallo,jgallobp@360.cn,Female,Support,Senior Developer,171754,1,4,19,31
423,Maybelle,Higounet,mhigounetbq@thetimes.co.uk,Female,Product Management,Cost Accountant,213325,5,4,10,37
424,Stearne,Inglefield,singlefieldbr@un.org,Male,Engineering,Automation Specialist IV,183545,4,3,14,54
425,Janene,Mileham,jmilehambs@unblog.fr,Female,Services,Data Coordinator,248730,5,1,17,22
426,Bondie,Philipsen,bphilipsenbt@theglobeandmail.com,Male,Accounting,Nurse,148487,2,4,1,44
427,Morissa,Scroggie,mscroggiebu@github.com,Female,Training,Software Consultant,229035,3,2,6,38
428,Jorgan,Trevan,jtrevanbv@microsoft.com,Male,Research and Development,Safety Technician III,156406,3,5,20,53
429,Georgette,McGaughay,gmcgaughaybw@github.com,Female,Sales,VP Marketing,273653,4,1,17,52
430,Pepe,Nicklin,pnicklinbx@ning.com,Male,Legal,Senior Cost Accountant,187272,4,5,16,24
431,Jeth,Dudhill,jdudhillby@un.org,Male,Accounting,Staff Accountant I,243102,4,2,12,22
432,Augie,Swires,aswiresbz@unc.edu,Male,Human Resources,Software Test Engineer IV,268502,2,4,2,23
433,Ailsun,Trye,atryec0@fc2.com,Female,Support,Product Engineer,94562,2,3,20,36
434,Terry,Giovannelli,tgiovannellic1@symantec.com,Male,Product Management,Account Executive,121148,2,4,20,46
435,Irvin,Bapty,ibaptyc2@fema.gov,Male,Sales,Financial Analyst,36564,1,4,14,48
436,Kearney,Goodall,kgoodallc3@nhs.uk,Male,Training,Cost Accountant,225348,3,4,1,41
437,Llywellyn,Josefsohn,ljosefsohnc4@dailymotion.com,Male,Training,VP Marketing,211312,3,3,3,45
438,Ag,Hannibal,ahannibalc5@comcast.net,Female,Research and Development,Statistician III,53915,5,3,11,47
439,Selby,Quilter,squilterc6@google.nl,Male,Engineering,Staff Scientist,80564,5,4,10,34
440,Lutero,McEvon,lmcevonc7@de.vu,Male,Legal,Analyst Programmer,221405,5,2,16,28
441,Helaine,Calver,hcalverc8@1688.com,Female,Services,Actuary,263296,2,3,8,21
442,Sheffield,Wigley,swigleyc9@ihg.com,Male,Legal,Teacher,158673,5,1,16,43
443,Ortensia,Langeren,olangerenca@fotki.com,Female,Services,Compensation Analyst,156837,3,1,8,47
444,Lockwood,Scholar,lscholarcb@earthlink.net,Male,Accounting,Executive Secretary,248020,3,1,2,31
445,Layton,Kemble,lkemblecc@chronoengine.com,Male,Human Resources,Product Engineer,153108,5,3,4,50
446,Bryna,Bauduin,bbauduincd@washingtonpost.com,Female,Training,Occupational Therapist,140062,3,3,16,46
447,Koralle,Panchin,kpanchince@abc.net.au,Female,Services,General Manager,80976,5,2,4,57
448,Layne,Jimmes,ljimmescf@cafepress.com,Female,Marketing,Developer III,244037,3,4,11,50
449,Tammy,Grealish,tgrealishcg@hao123.com,Male,Product Management,Cost Accountant,88185,3,5,16,50
450,Hobart,Gyver,hgyverch@photobucket.com,Male,Research and Development,Administrative Assistant II,148672,2,5,5,44
451,Gerladina,Suthren,gsuthrenci@dagondesign.com,Female,Accounting,Assistant Media Planner,261823,5,1,3,51
452,Allegra,Erangey,aerangeycj@wikimedia.org,Female,Services,Senior Cost Accountant,158557,2,1,20,22
453,Bern,Steels,bsteelsck@printfriendly.com,Male,Marketing,Geologist IV,146977,3,5,19,47
454,Aguistin,Jukes,ajukescl@163.com,Male,Product Management,Graphic Designer,177901,1,1,8,27
455,Hyatt,Orneles,hornelescm@china.com.cn,Male,Human Resources,Accounting Assistant III,182851,1,1,14,55
456,Jehu,Gilbey,jgilbeycn@ucla.edu,Male,Training,Staff Accountant I,113899,2,1,8,24
457,Lanny,Ringwood,lringwoodco@tumblr.com,Male,Human Resources,Staff Scientist,124807,1,4,2,54
458,Tabby,Fechnie,tfechniecp@usnews.com,Female,Sales,VP Accounting,178464,3,3,4,43
459,Pail,Kinnane,pkinnanecq@tmall.com,Male,Training,Assistant Manager,200515,1,5,16,24
460,Shayne,Pont,spontcr@usgs.gov,Male,Support,Graphic Designer,70748,2,3,17,23
461,Blair,Brophy,bbrophycs@nsw.gov.au,Female,Training,Associate Professor,234742,2,1,12,24
462,Fabio,Andreassen,fandreassenct@mayoclinic.com,Male,Business Development,Compensation Analyst,174741,3,3,6,42
463,Bryan,Bosson,bbossoncu@naver.com,Male,Research and Development,VP Quality Control,133776,4,3,16,26
464,Brenna,McCorrie,bmccorriecv@purevolume.com,Female,Legal,Paralegal,219859,2,2,3,26
465,Lauren,Blazeby,lblazebycw@nifty.com,Male,Product Management,Social Worker,86730,3,4,11,41
466,Terencio,Trehearn,ttrehearncx@live.com,Male,Research and Development,Structural Analysis Engineer,270433,2,4,19,54
467,Marna,Daelman,mdaelmancy@tumblr.com,Female,Accounting,Automation Specialist I,78113,3,4,1,22
468,Ashbey,Pietroni,apietronicz@unblog.fr,Male,Engineering,Recruiter,161013,5,4,4,27
469,Blinny,Bridle,bbridled0@japanpost.jp,Female,Marketing,Geologist II,133464,5,4,9,27
470,Wolfie,Cowp,wcowpd1@webs.com,Male,Engineering,Engineer III,42519,1,2,8,52
471,Delmor,Sturmey,dsturmeyd2@webmd.com,Male,Services,VP Quality Control,88824,3,2,20,44
472,Jarib,Sidey,jsideyd3@comsenz.com,Male,Accounting,Payment Adjustment Coordinator,259902,5,3,9,26
473,Jemima,Forri,jforrid4@toplist.cz,Female,Sales,Research Assistant I,270568,2,1,17,23
474,Pierrette,Gerred,pgerredd5@4shared.com,Female,Training,Product Engineer,38876,5,2,6,45
475,Prudy,Chittock,pchittockd6@amazon.co.jp,Female,Services,Operator,169565,3,3,19,51
476,Brett,Wakely,bwakelyd7@springer.com,Male,Product Management,VP Marketing,106557,5,1,5,35
477,Harriott,Kopacek,hkopacekd8@cisco.com,Female,Product Management,Quality Engineer,270696,3,3,15,40
478,Pavla,Pauleit,ppauleitd9@wikipedia.org,Female,Accounting,Librarian,31878,3,4,8,45
479,Dayna,Tander,dtanderda@mashable.com,Female,Accounting,Office Assistant IV,53495,5,1,16,40
480,Odelia,Deveral,odeveraldb@liveinternet.ru,Female,Legal,Account Executive,272121,4,3,4,52
481,Pietro,Shouler,pshoulerdc@irs.gov,Male,Services,Safety Technician III,259337,1,5,15,49
482,Gonzalo,Got,ggotdd@joomla.org,Male,Research and Development,Mechanical Systems Engineer,118756,3,4,4,30
483,Aguste,Messiter,amessiterde@gmpg.org,Male,Marketing,Safety Technician III,257239,1,3,15,23
484,Vinni,Degue,vdeguedf@1688.com,Female,Research and Development,Systems Administrator III,219189,4,4,14,37
485,Bondie,Shillom,bshillomdg@google.com.au,Male,Marketing,Web Developer IV,32303,5,4,17,52
486,Kaile,Blower,kblowerdh@arizona.edu,Female,Support,Help Desk Technician,264284,3,5,6,34
487,Karlee,Sends,ksendsdi@163.com,Female,Product Management,Legal Assistant,174651,3,5,9,31
488,Glad,Pavlitschek,gpavlitschekdj@umn.edu,Female,Business Development,Pharmacist,276627,5,3,18,30
489,Saunder,Bellis,sbellisdk@buzzfeed.com,Male,Services,Research Nurse,234164,3,4,16,31
490,Anabella,Feathersby,afeathersbydl@answers.com,Female,Human Resources,Account Representative III,109023,5,1,15,52
491,Noelani,Ganiclef,nganiclefdm@squarespace.com,Female,Business Development,Administrative Officer,26310,5,1,3,36
492,Denna,Blight,dblightdn@weather.com,Female,Product Management,Quality Engineer,130269,5,2,15,23
493,Maurizio,McAlister,mmcalisterdo@yahoo.co.jp,Male,Business Development,Assistant Manager,32871,1,3,14,50
494,Andra,McGrale,amcgraledp@arizona.edu,Female,Engineering,Operator,231805,3,3,13,24
495,Gus,Corbitt,gcorbittdq@qq.com,Male,Human Resources,Automation Specialist I,196715,4,4,20,30
496,Say,Millery,smillerydr@homestead.com,Male,Support,VP Product Management,124166,4,2,19,56
497,Saundra,Sloan,ssloands@wisc.edu,Male,Legal,Associate Professor,43615,4,1,5,29
498,Saxon,Zaple,szapledt@networkadvertising.org,Male,Sales,Computer Systems Analyst III,197380,2,3,9,54
499,Griffith,Elman,gelmandu@last.fm,Male,Marketing,Nurse,194919,5,4,16,33
500,Oby,Walworche,owalworchedv@accuweather.com,Male,Engineering,Research Assistant II,143659,5,3,20,34
501,Mady,Bellison,mbellisondw@github.io,Female,Marketing,Mechanical Systems Engineer,77219,5,3,6,48
502,Alyce,Hounsham,ahounshamdx@theatlantic.com,Female,Accounting,Account Executive,147219,1,3,10,35
503,Marlie,Whitty,mwhittydy@free.fr,Female,Research and Development,Tax Accountant,155309,4,3,12,37
504,Aggi,Stirtle,astirtledz@usatoday.com,Female,Engineering,Graphic Designer,141913,2,3,3,58
505,Lynne,Killgus,lkillguse0@google.pl,Female,Product Management,Administrative Assistant II,222327,3,3,13,50
506,Cecilla,Charkham,ccharkhame1@cyberchimps.com,Female,Sales,Nurse,71559,3,4,18,25
507,Conan,Fost,cfoste2@stanford.edu,Male,Accounting,Marketing Manager,49616,3,4,20,44
508,Marthena,Kendrew,mkendrewe3@google.com.br,Female,Research and Development,Developer III,42945,2,5,14,23
509,Lorena,Asmus,lasmuse4@mozilla.org,Female,Services,Safety Technician II,23886,5,4,12,58
510,Percival,Skeel,pskeele5@reference.com,Male,Services,Research Associate,140498,3,3,18,39
511,Nathan,McIlmorie,nmcilmoriee6@xing.com,Male,Sales,Senior Cost Accountant,66412,4,3,19,31
512,Bruce,Tooze,btoozee7@usnews.com,Male,Training,Registered Nurse,266411,3,1,17,26
513,Cariotta,Chieze,cchiezee8@joomla.org,Female,Research and Development,Project Manager,50311,4,3,13,39
514,Luella,Baptiste,lbaptistee9@t-online.de,Female,Sales,Senior Developer,153743,5,2,10,26
515,Keane,Biasetti,kbiasettiea@odnoklassniki.ru,Male,Legal,Account Executive,122832,1,4,18,45
516,Benson,McGivena,bmcgivenaeb@pbs.org,Male,Accounting,Human Resources Manager,225295,1,5,12,29
517,Aldin,Gogay,agogayec@ft.com,Male,Product Management,Product Engineer,273234,3,3,9,53
518,Lolita,Kohlert,lkohlerted@vinaora.com,Female,Business Development,Developer III,140638,4,5,18,53
519,Jarret,Lowseley,jlowseleyee@constantcontact.com,Male,Research and Development,Accountant IV,60340,1,2,15,41
520,Barnard,Cardenoso,bcardenosoef@eepurl.com,Male,Engineering,Media Manager III,96002,3,3,19,31
521,Marcellus,Sealy,msealyeg@lycos.com,Male,Human Resources,Analog Circuit Design manager,205943,2,4,4,52
522,Cecelia,Baggett,cbaggetteh@cdbaby.com,Female,Legal,Director of Sales,155350,4,1,14,43
523,Wilmer,Swanwick,wswanwickei@ning.com,Male,Product Management,Executive Secretary,202748,5,5,19,57
524,Kimberlyn,MacKibbon,kmackibbonej@netvibes.com,Female,Sales,Database Administrator I,122410,4,5,5,46
525,Anallise,Hitzke,ahitzkeek@clickbank.net,Female,Services,Paralegal,162007,4,1,14,46
526,Leyla,Terne,lterneel@topsy.com,Female,Support,Paralegal,72881,4,2,2,48
527,Allis,Sparey,aspareyem@businessweek.com,Female,Services,Staff Accountant III,145157,1,4,10,27
528,King,Sommerton,ksommertonen@bloglovin.com,Male,Business Development,VP Product Management,70090,5,2,16,48
529,Maryellen,Downey,mdowneyeo@hatena.ne.jp,Female,Marketing,Account Executive,243190,5,4,10,21
530,Brandais,Rodman,brodmanep@dyndns.org,Female,Research and Development,Chief Design Engineer,255957,2,5,4,41
531,Frankie,Acock,facockeq@ask.com,Male,Marketing,Recruiting Manager,225841,2,5,8,29
532,Brande,Denyukhin,bdenyukhiner@ucsd.edu,Female,Accounting,Electrical Engineer,169394,1,2,13,56
533,Cecile,Harwin,charwines@dailymotion.com,Female,Legal,Product Engineer,118219,4,4,14,22
534,Conney,McMillian,cmcmillianet@si.edu,Male,Accounting,Tax Accountant,273850,3,5,9,56
535,Amanda,Epine,aepineeu@flickr.com,Female,Training,Financial Advisor,106551,3,5,18,52
536,Francisca,Tailby,ftailbyev@hud.gov,Female,Legal,Teacher,105518,5,2,2,25
537,Petey,McAlister,pmcalisterew@google.es,Male,Human Resources,Financial Analyst,267692,5,1,5,23
538,Agnes,Dutteridge,adutteridgeex@godaddy.com,Female,Product Management,General Manager,145952,3,4,11,23
539,Amble,Clipson,aclipsoney@vkontakte.ru,Male,Services,Associate Professor,47144,3,2,8,47
540,Doralin,Murrhaupt,dmurrhauptez@whitehouse.gov,Female,Business Development,Research Associate,264944,1,3,8,54
541,Nickolai,Genese,ngenesef0@1und1.de,Male,Business Development,VP Product Management,141860,5,5,13,58
542,Tim,Carefull,tcarefullf1@blinklist.com,Female,Human Resources,Developer IV,195202,2,1,5,41
543,Jim,Punch,jpunchf2@about.me,Male,Business Development,Senior Sales Associate,23744,3,2,15,47
544,Briney,Franck,bfranckf3@discovery.com,Female,Human Resources,Geologist I,206689,3,1,9,46
545,Salaidh,McSaul,smcsaulf4@jugem.jp,Female,Marketing,Operator,243018,1,4,6,30
546,Katusha,Whines,kwhinesf5@census.gov,Female,Sales,Nurse Practicioner,75359,3,4,8,36
547,Rudy,De Roeck,rderoeckf6@time.com,Male,Product Management,Engineer I,41132,1,1,16,46
548,Jack,Drewell,jdrewellf7@feedburner.com,Male,Product Management,Analog Circuit Design manager,95012,2,4,16,25
549,Derril,Catonne,dcatonnef8@usa.gov,Male,Accounting,Database Administrator I,225199,3,4,17,39
550,Shannan,Coverley,scoverleyf9@boston.com,Male,Sales,Director of Sales,50768,4,1,5,57
551,Tod,Prazer,tprazerfa@sitemeter.com,Male,Legal,Social Worker,232745,3,4,14,56
552,Gina,O'Fogerty,gofogertyfb@businesswire.com,Female,Research and Development,VP Marketing,76952,5,3,20,38
553,Beth,Arpur,barpurfc@tripod.com,Female,Sales,Research Assistant IV,39912,1,5,3,40
554,Blane,Cressey,bcresseyfd@gmpg.org,Male,Legal,Compensation Analyst,76725,5,1,11,34
555,Filmer,Jacobsohn,fjacobsohnfe@google.es,Male,Legal,Graphic Designer,237953,2,3,6,54
556,Junette,Ciccetti,jciccettiff@reuters.com,Female,Training,Data Coordinator,82500,5,5,13,30
557,Jobey,Arzu,jarzufg@intel.com,Female,Accounting,VP Marketing,196016,5,4,16,32
558,Delphine,Hartnell,dhartnellfh@bigcartel.com,Female,Sales,Occupational Therapist,61021,1,4,6,39
559,Ernaline,Halfhide,ehalfhidefi@ucsd.edu,Female,Sales,Actuary,193015,1,1,7,25
560,Bearnard,Smallacombe,bsmallacombefj@yelp.com,Male,Research and Development,Recruiter,98196,3,3,14,31
561,Johannah,Coch,jcochfk@ezinearticles.com,Female,Support,Senior Quality Engineer,231282,5,2,17,52
562,Bard,Goulthorp,bgoulthorpfl@163.com,Male,Training,Geological Engineer,175039,2,4,3,26
563,Val,O'Hannigan,vohanniganfm@webs.com,Male,Research and Development,Help Desk Technician,28554,2,3,20,40
564,Igor,Hutchins,ihutchinsfn@posterous.com,Male,Marketing,Statistician I,67723,3,4,10,35
565,Abbie,Julien,ajulienfo@pagesperso-orange.fr,Male,Support,Geologist II,85139,2,1,20,33
566,Valentina,Dossetter,vdossetterfp@nyu.edu,Female,Sales,General Manager,182992,3,2,18,37
567,Matt,Downing,mdowningfq@mac.com,Male,Sales,Actuary,189379,5,2,14,48
568,Gauthier,Elstob,gelstobfr@360.cn,Male,Product Management,Senior Quality Engineer,191561,1,4,9,29
569,Bax,Vaughten,bvaughtenfs@nba.com,Male,Services,Physical Therapy Assistant,264968,3,4,6,54
570,Sophronia,Bavidge,sbavidgeft@lulu.com,Female,Research and Development,Software Test Engineer I,198340,5,4,17,58
571,Hailey,Plomer,hplomerfu@simplemachines.org,Male,Product Management,Nurse,26901,2,5,17,43
572,Maisie,O'Corrane,mocorranefv@deliciousdays.com,Female,Accounting,Developer IV,23688,2,4,1,33
573,Rogerio,Drakeley,rdrakeleyfw@forbes.com,Male,Training,Sales Representative,235927,3,2,12,26
574,Morly,Julien,mjulienfx@squidoo.com,Male,Business Development,Junior Executive,274774,3,5,16,22
575,Trista,Toppas,ttoppasfy@seattletimes.com,Female,Training,Senior Sales Associate,111133,1,3,3,51
576,Candra,Ackerley,cackerleyfz@dion.ne.jp,Female,Business Development,Senior Quality Engineer,195177,5,5,4,32
577,Cchaddie,Haversum,chaversumg0@imgur.com,Male,Accounting,Civil Engineer,256642,4,4,18,26
578,Trix,Mulvy,tmulvyg1@google.de,Female,Marketing,Project Manager,178831,3,1,6,49
579,Lanie,McTiernan,lmctiernang2@hatena.ne.jp,Male,Research and Development,Software Engineer III,91239,3,5,12,47
580,Shurlock,Zammett,szammettg3@uol.com.br,Male,Accounting,Database Administrator III,196110,1,4,4,26
581,Merwin,Noblett,mnoblettg4@google.fr,Male,Accounting,VP Quality Control,36139,1,2,10,51
582,Iain,Idwal Evans,iidwalevansg5@w3.org,Male,Services,Executive Secretary,167004,3,5,1,42
583,Bearnard,Ladon,bladong6@nyu.edu,Male,Product Management,Software Consultant,271911,2,4,5,51
584,Cordey,Blunkett,cblunkettg7@yelp.com,Female,Product Management,Paralegal,117077,1,1,12,22
585,Moria,Riha,mrihag8@hugedomains.com,Female,Legal,Recruiting Manager,28243,1,1,5,56
586,Auroora,Misson,amissong9@hhs.gov,Female,Legal,Database Administrator II,266315,4,4,11,22
587,Chantalle,Bonnette,cbonnettega@ning.com,Female,Accounting,Statistician I,119771,5,2,14,36
588,Abeu,Belton,abeltongb@1688.com,Male,Services,Recruiting Manager,186122,1,3,4,36
589,Jordana,MacGahey,jmacgaheygc@narod.ru,Female,Sales,Accounting Assistant II,249676,4,5,7,49
590,Gabrielle,Dunthorn,gdunthorngd@ox.ac.uk,Female,Services,Data Coordinator,76434,5,4,1,36
591,Halsy,Prise,hprisege@netscape.com,Male,Legal,Programmer Analyst I,68763,5,2,9,30
592,Lawry,Crunden,lcrundengf@indiegogo.com,Male,Accounting,Research Assistant III,81055,4,4,10,21
593,Emmalynne,Giraldon,egiraldongg@adobe.com,Female,Product Management,Senior Editor,245588,3,3,18,37
594,Augie,Gruszczak,agruszczakgh@xinhuanet.com,Male,Services,Teacher,57839,4,3,19,43
595,Yovonnda,Rowett,yrowettgi@barnesandnoble.com,Female,Accounting,Structural Engineer,229229,3,5,17,37
596,Skipp,Keat,skeatgj@usa.gov,Male,Product Management,Electrical Engineer,118282,2,1,19,36
597,Odell,Northin,onorthingk@stanford.edu,Male,Research and Development,Sales Representative,128144,1,4,20,50
598,Rebbecca,Rossi,rrossigl@digg.com,Female,Sales,Sales Representative,257104,5,5,14,54
599,Marjorie,Karpeev,mkarpeevgm@ow.ly,Female,Legal,Assistant Professor,136627,2,3,16,50
600,Sharla,Meeland,smeelandgn@123-reg.co.uk,Female,Marketing,Database Administrator II,41996,1,5,14,46
601,Nicoline,Pawels,npawelsgo@wsj.com,Female,Engineering,Nurse,25803,5,5,19,44
602,Spike,Sondon,ssondongp@blogger.com,Male,Services,Office Assistant II,201899,2,1,5,35
603,Trula,Pesek,tpesekgq@dailymotion.com,Female,Engineering,Electrical Engineer,207200,5,1,13,39
604,Dagny,Slateford,dslatefordgr@cisco.com,Male,Marketing,Clinical Specialist,227869,3,2,9,50
605,Eileen,Gornar,egornargs@twitter.com,Female,Product Management,Community Outreach Specialist,86455,2,4,18,54
606,Ky,Jeary,kjearygt@hibu.com,Male,Sales,Computer Systems Analyst III,54466,3,2,11,24
607,Glen,Nuss,gnussgu@google.com.hk,Male,Support,Paralegal,250660,1,5,15,46
608,Gloria,Sisnett,gsisnettgv@vk.com,Female,Legal,Administrative Assistant II,171424,1,2,10,49
609,Sean,Venny,svennygw@wikipedia.org,Female,Product Management,Operator,166915,2,4,18,49
610,Phylis,Ferneyhough,pferneyhoughgx@bbc.co.uk,Female,Engineering,Operator,191784,4,3,20,56
611,Kesley,Schreurs,kschreursgy@weibo.com,Female,Marketing,Quality Engineer,31553,5,5,11,38
612,Galvan,Mirfield,gmirfieldgz@gravatar.com,Male,Marketing,Software Consultant,105732,3,2,3,43
613,Berkley,Willmett,bwillmetth0@51.la,Male,Training,Automation Specialist III,99004,5,5,10,26
614,Fianna,Wickling,fwicklingh1@freewebs.com,Female,Legal,Account Executive,171601,1,1,18,25
615,Maximo,Milberry,mmilberryh2@dot.gov,Male,Sales,GIS Technical Architect,120402,1,1,20,30
616,Annecorinne,Bladder,abladderh3@hibu.com,Female,Sales,Nurse Practicioner,263101,1,3,19,24
617,Mariel,Vuitte,mvuitteh4@furl.net,Female,Legal,Engineer II,274651,2,2,11,53
618,Alexis,Welsby,awelsbyh5@about.com,Female,Engineering,Internal Auditor,73039,4,5,20,42
619,Tomas,Steagall,tsteagallh6@xing.com,Male,Training,Community Outreach Specialist,265447,5,3,17,46
620,Gualterio,Haisell,ghaisellh7@gov.uk,Male,Engineering,Assistant Manager,140063,4,1,9,28
621,Maurise,Galpin,mgalpinh8@java.com,Female,Training,Analog Circuit Design manager,141575,2,3,18,52
622,Far,Gulliford,fgullifordh9@booking.com,Male,Legal,Information Systems Manager,176534,5,5,4,39
623,Ban,Cozzi,bcozziha@paginegialle.it,Male,Research and Development,Administrative Officer,64235,2,5,9,51
624,Diena,Tripney,dtripneyhb@salon.com,Female,Engineering,Nurse Practicioner,54743,2,3,14,29
625,Lizabeth,Oglesbee,loglesbeehc@jimdo.com,Female,Services,Budget/Accounting Analyst I,169452,5,1,18,52
626,Staffard,Hows,showshd@yellowpages.com,Male,Marketing,Senior Editor,106893,5,5,1,50
627,Terrie,Heinssen,theinssenhe@nih.gov,Female,Marketing,Operator,213782,1,3,17,45
628,Silvio,Skae,sskaehf@nature.com,Male,Services,Teacher,67382,4,4,11,55
629,Case,Olland,collandhg@gravatar.com,Male,Engineering,Clinical Specialist,205684,4,2,5,27
630,Krista,Wickham,kwickhamhh@com.com,Female,Support,Business Systems Development Analyst,234697,4,5,2,27
631,Bartolomeo,Cressor,bcressorhi@mapy.cz,Male,Research and Development,Project Manager,261313,2,4,15,41
632,Catlin,Aleksahkin,caleksahkinhj@linkedin.com,Female,Human Resources,Technical Writer,96019,2,2,6,40
633,Llywellyn,Dolman,ldolmanhk@ifeng.com,Male,Support,Developer II,49207,2,4,9,21
634,Chlo,Ragbourn,cragbournhl@flavors.me,Female,Legal,Assistant Professor,173390,5,2,12,51
635,Doralynne,Shackell,dshackellhm@time.com,Female,Research and Development,Desktop Support Technician,193860,2,5,7,51
636,Benoite,Van Hault,bvanhaulthn@dell.com,Female,Research and Development,Assistant Manager,98609,3,3,9,26
637,Ogdon,Benzing,obenzingho@bbc.co.uk,Male,Product Management,Registered Nurse,163250,2,2,14,58
638,Nanete,Dowall,ndowallhp@jugem.jp,Female,Support,Account Coordinator,211985,3,2,5,28
639,Rosa,Parkman,rparkmanhq@redcross.org,Female,Research and Development,Chief Design Engineer,127697,5,3,18,46
640,Cecilio,Mullins,cmullinshr@jigsy.com,Male,Training,Director of Sales,34969,3,3,18,56
641,Olympe,Hacquel,ohacquelhs@telegraph.co.uk,Female,Human Resources,Design Engineer,63462,1,3,16,36
642,Trisha,Sheirlaw,tsheirlawht@ucoz.com,Female,Engineering,VP Accounting,268582,5,4,11,42
643,Rickey,Vazquez,rvazquezhu@trellian.com,Male,Product Management,Structural Engineer,160855,5,1,8,45
644,Salem,Sizland,ssizlandhv@booking.com,Male,Legal,Staff Accountant II,140111,4,4,11,22
645,Logan,Ivanyushin,livanyushinhw@liveinternet.ru,Male,Training,Account Coordinator,172498,1,5,17,47
646,Latia,Cornish,lcornishhx@symantec.com,Female,Engineering,Software Engineer I,195831,1,1,18,56
647,Giraud,Dartan,gdartanhy@gmpg.org,Male,Sales,Internal Auditor,166584,4,5,15,47
648,Leola,Bester,lbesterhz@unc.edu,Female,Services,Operator,52656,5,2,17,33
649,Tedmund,Wimp,twimpi0@i2i.jp,Male,Services,Recruiting Manager,70840,3,2,20,57
650,Gery,Swanson,gswansoni1@wikispaces.com,Male,Accounting,Administrative Assistant IV,43732,5,2,13,57
651,Ky,McKenney,kmckenneyi2@wired.com,Male,Accounting,Information Systems Manager,66680,1,1,14,37
652,Steffie,Mushart,smusharti3@tinypic.com,Female,Product Management,Project Manager,32323,4,2,8,56
653,Westbrook,Lammiman,wlammimani4@skype.com,Male,Services,Junior Executive,247105,2,3,14,55
654,Pascale,Udale,pudalei5@prlog.org,Male,Services,Analyst Programmer,203111,2,4,14,29
655,Nate,Settle,nsettlei6@washingtonpost.com,Male,Services,Business Systems Development Analyst,154438,4,4,9,40
656,Byrle,Frammingham,bframminghami7@behance.net,Male,Support,Web Developer II,136419,2,1,18,33
657,Berthe,Digges,bdiggesi8@google.com.br,Female,Human Resources,Senior Sales Associate,195507,2,2,13,27
658,Thane,Penkethman,tpenkethmani9@furl.net,Male,Support,Teacher,24889,1,3,11,37
659,Tate,Carlino,tcarlinoia@spotify.com,Female,Marketing,Office Assistant I,35942,5,4,13,58
660,Coop,Blois,cbloisib@bravesites.com,Male,Engineering,Clinical Specialist,185083,4,3,17,54
661,Mahalia,Cater,mcateric@youku.com,Female,Sales,Quality Engineer,157698,5,3,17,50
662,Martin,Yarrall,myarrallid@alexa.com,Male,Research and Development,Safety Technician II,45817,4,3,9,48
663,Idalina,Bosquet,ibosquetie@hud.gov,Female,Research and Development,Web Designer II,104699,1,4,6,28
664,Hamlen,Manley,hmanleyif@gravatar.com,Male,Services,Budget/Accounting Analyst IV,188134,4,2,5,49
665,Sarita,Craydon,scraydonig@phpbb.com,Female,Marketing,Librarian,167965,5,2,12,30
666,Yuri,Keasley,ykeasleyih@oaic.gov.au,Male,Training,Senior Editor,30628,3,2,14,46
667,Ethan,Inns,einnsii@facebook.com,Male,Product Management,Senior Sales Associate,162215,5,3,18,45
668,Thom,Christal,tchristalij@nature.com,Male,Marketing,Geologist II,175020,5,4,17,50
669,Elias,Jewson,ejewsonik@gnu.org,Male,Support,Director of Sales,61840,2,5,11,44
670,Anabal,Duffy,aduffyil@bigcartel.com,Female,Product Management,Programmer Analyst I,228215,1,2,13,21
671,Kari,Rosingdall,krosingdallim@earthlink.net,Female,Product Management,Speech Pathologist,251559,5,3,4,51
672,Nickie,Papaccio,npapaccioin@ihg.com,Female,Human Resources,Nurse,268461,3,2,3,38
673,Ellsworth,Scriviner,escrivinerio@fda.gov,Male,Training,Administrative Officer,137765,5,2,17,57
674,Derick,Callender,dcallenderip@163.com,Male,Engineering,Civil Engineer,264517,2,2,8,27
675,Selie,Allmark,sallmarkiq@tinyurl.com,Female,Research and Development,Accountant II,65008,4,1,5,42
676,Rivi,Mowett,rmowettir@netscape.com,Female,Human Resources,Information Systems Manager,268140,4,1,18,58
677,Hatti,Treasure,htreasureis@so-net.ne.jp,Female,Product Management,Chemical Engineer,253151,4,4,11,28
678,Zachariah,Mapplethorpe,zmapplethorpeit@mysql.com,Male,Training,Media Manager II,261687,5,4,20,57
679,Torrey,Janway,tjanwayiu@rakuten.co.jp,Male,Research and Development,Human Resources Manager,256041,3,1,11,51
680,Brietta,Bromige,bbromigeiv@parallels.com,Female,Research and Development,Mechanical Systems Engineer,154847,3,2,6,45
681,Arther,Agget,aaggetiw@yandex.ru,Male,Marketing,VP Marketing,141915,3,2,7,51
682,Sheff,Pechell,spechellix@latimes.com,Male,Product Management,Marketing Assistant,36448,3,5,13,53
683,Cassandra,Royse,croyseiy@linkedin.com,Female,Engineering,Environmental Specialist,148798,5,5,10,54
684,Cindelyn,Izaac,cizaaciz@example.com,Female,Business Development,Programmer Analyst II,182515,4,5,12,36
685,Baxie,Minogue,bminoguej0@washingtonpost.com,Male,Business Development,VP Sales,62430,5,1,5,22
686,Clayson,Scraggs,cscraggsj1@instagram.com,Male,Legal,Pharmacist,261401,3,1,18,37
687,Lindsey,Jurczak,ljurczakj2@last.fm,Female,Human Resources,Senior Cost Accountant,245297,1,2,10,24
688,Evangelina,Troni,etronij3@shinystat.com,Female,Sales,Human Resources Assistant III,123744,3,4,17,49
689,Zsa zsa,Johanchon,zjohanchonj4@dropbox.com,Female,Services,Actuary,92621,5,1,14,51
690,Evangeline,Stoneman,estonemanj5@umn.edu,Female,Research and Development,Environmental Specialist,231890,3,1,8,27
691,Tammy,Pollock,tpollockj6@yolasite.com,Male,Accounting,Web Developer II,264722,4,5,15,31
692,Andree,Lindenberg,alindenbergj7@rakuten.co.jp,Female,Product Management,Sales Representative,54523,5,4,9,50
693,Malissa,Daintrey,mdaintreyj8@msn.com,Female,Sales,Physical Therapy Assistant,247218,1,4,6,21
694,Daven,Ambage,dambagej9@weather.com,Male,Training,Product Engineer,27407,3,1,11,39
695,Forrester,Camplejohn,fcamplejohnja@unblog.fr,Male,Research and Development,Electrical Engineer,94228,1,4,19,57
696,Berny,Gronaller,bgronallerjb@dropbox.com,Male,Legal,Staff Accountant III,232830,2,1,20,32
697,Stanislaw,Hundall,shundalljc@infoseek.co.jp,Male,Business Development,Human Resources Manager,270572,2,2,15,52
698,Fredric,Kezourec,fkezourecjd@oracle.com,Male,Marketing,Actuary,92505,4,1,7,29
699,Case,Marcinkowski,cmarcinkowskije@eventbrite.com,Male,Legal,Chemical Engineer,100995,2,2,14,30
700,Haze,McCowan,hmccowanjf@zimbio.com,Male,Services,Structural Analysis Engineer,129235,5,1,8,39
701,Marcellina,Pechet,mpechetjg@posterous.com,Female,Sales,Chemical Engineer,58674,5,5,19,50
702,Silvain,Leguey,slegueyjh@bigcartel.com,Male,Human Resources,Staff Scientist,59671,1,5,19,34
703,Ariel,Coombes,acoombesji@is.gd,Female,Human Resources,Assistant Manager,88802,2,1,16,21
704,Keary,Copplestone,kcopplestonejj@joomla.org,Male,Marketing,GIS Technical Architect,255697,2,5,5,25
705,Bari,Vanlint,bvanlintjk@nationalgeographic.com,Female,Support,Software Consultant,142949,1,3,17,33
706,Corrie,Ortsmann,cortsmannjl@hostgator.com,Male,Services,Actuary,151725,5,5,14,50
707,Eleanora,Gotts,egottsjm@army.mil,Female,Marketing,Desktop Support Technician,181759,4,3,12,23
708,Alastair,O'Gleasane,aogleasanejn@typepad.com,Male,Engineering,Web Designer II,274117,2,3,12,44
709,Adda,Krollman,akrollmanjo@mac.com,Female,Marketing,Senior Sales Associate,90983,2,1,2,37
710,Calli,Thomelin,cthomelinjp@unc.edu,Female,Support,VP Quality Control,218606,3,5,6,57
711,Erskine,Hammersley,ehammersleyjq@cocolog-nifty.com,Male,Support,Environmental Specialist,87104,3,1,9,55
712,Beverlie,Van Baaren,bvanbaarenjr@delicious.com,Female,Human Resources,Product Engineer,82163,1,1,5,23
713,Kingsley,Bilyard,kbilyardjs@etsy.com,Male,Training,Health Coach III,272070,1,2,1,58
714,Carole,Warham,cwarhamjt@hexun.com,Female,Legal,Assistant Professor,267545,5,2,14,43
715,Humbert,Cussen,hcussenju@china.com.cn,Male,Accounting,Tax Accountant,145553,2,1,13,22
716,Izak,Mauser,imauserjv@cnbc.com,Male,Training,Business Systems Development Analyst,237080,3,2,5,34
717,Romy,Knapman,rknapmanjw@networkadvertising.org,Female,Research and Development,Project Manager,65914,5,3,12,31
718,Fionna,Magill,fmagilljx@ebay.com,Female,Training,VP Accounting,174223,2,4,18,28
719,Murry,Santry,msantryjy@sourceforge.net,Male,Research and Development,Community Outreach Specialist,120366,2,5,8,29
720,Annette,Wilks,awilksjz@qq.com,Female,Sales,Information Systems Manager,151449,4,3,6,55
721,Burt,Kalker,bkalkerk0@mtv.com,Male,Sales,Mechanical Systems Engineer,104875,4,3,1,26
722,Gery,Yitzhakov,gyitzhakovk1@google.com.br,Male,Accounting,Dental Hygienist,164940,1,5,18,39
723,Diahann,Sange,dsangek2@ifeng.com,Female,Product Management,Registered Nurse,249623,3,1,6,38
724,Tadeo,Balmadier,tbalmadierk3@ucoz.ru,Male,Training,Financial Analyst,276445,3,5,14,22
725,Susie,Juszczyk,sjuszczykk4@redcross.org,Female,Training,Systems Administrator III,81451,2,4,9,56
726,Zeke,Grennan,zgrennank5@hhs.gov,Male,Business Development,VP Quality Control,129175,2,5,7,58
727,Ezri,Thring,ethringk6@bigcartel.com,Male,Accounting,Help Desk Operator,89981,3,4,13,58
728,Juliann,Flacke,jflackek7@bravesites.com,Female,Research and Development,Chemical Engineer,167810,5,1,9,42
729,Wallie,Jorgesen,wjorgesenk8@newyorker.com,Female,Services,Senior Quality Engineer,217287,4,3,9,52
730,Sutherlan,Plumbley,splumbleyk9@boston.com,Male,Business Development,Structural Analysis Engineer,148276,3,5,20,57
731,Glad,Petrashov,gpetrashovka@sciencedirect.com,Female,Services,Director of Sales,62038,3,3,4,43
732,Rowney,Brunini,rbruninikb@nbcnews.com,Male,Human Resources,Junior Executive,183700,5,2,11,56
733,Giusto,Bedingfield,gbedingfieldkc@nytimes.com,Male,Research and Development,GIS Technical Architect,228666,4,2,16,58
734,Tiffy,Loggie,tloggiekd@hatena.ne.jp,Female,Business Development,Research Assistant III,176296,3,3,18,22
735,Carlo,McTrustey,cmctrusteyke@spiegel.de,Male,Legal,Administrative Assistant I,71026,1,4,15,45
736,Tracee,von Hagt,tvonhagtkf@hp.com,Female,Research and Development,Geological Engineer,143550,1,2,17,53
737,Annamaria,Strettle,astrettlekg@ovh.net,Female,Sales,Tax Accountant,166297,2,1,10,48
738,Jojo,McKeefry,jmckeefrykh@mysql.com,Female,Marketing,Office Assistant II,139813,5,5,14,50
739,Sanson,Van der Baaren,svanderbaarenki@wisc.edu,Male,Product Management,Legal Assistant,102287,2,2,13,56
740,Sancho,Killelea,skilleleakj@yelp.com,Male,Research and Development,Senior Financial Analyst,28675,3,3,1,22
741,Keir,Espasa,kespasakk@newyorker.com,Male,Support,VP Accounting,38686,2,4,18,23
742,Sharia,St. Leger,sstlegerkl@hao123.com,Female,Services,VP Sales,132529,5,2,11,58
743,Bamby,Cruz,bcruzkm@foxnews.com,Female,Legal,Assistant Professor,193903,4,3,8,33
744,Leonidas,Hawler,lhawlerkn@japanpost.jp,Male,Accounting,Administrative Assistant II,30476,5,1,9,48
745,Betta,Jancik,bjancikko@netlog.com,Female,Training,Civil Engineer,188981,3,1,12,58
746,Maude,Thirwell,mthirwellkp@bbb.org,Female,Human Resources,Senior Financial Analyst,153421,2,1,7,50
747,Holly,Ellacombe,hellacombekq@barnesandnoble.com,Male,Support,Information Systems Manager,206686,2,5,14,53
748,Edgardo,Ettles,eettleskr@merriam-webster.com,Male,Marketing,Librarian,238742,5,3,20,47
749,Niki,Sharman,nsharmanks@buzzfeed.com,Female,Services,Computer Systems Analyst I,47787,4,3,13,22
750,Riley,Howsan,rhowsankt@jalbum.net,Male,Business Development,Librarian,175934,5,3,2,49
751,Leopold,Seathwright,lseathwrightku@linkedin.com,Male,Accounting,Data Coordinator,42892,4,2,10,25
752,Skelly,Machen,smachenkv@devhub.com,Male,Human Resources,Senior Financial Analyst,272731,1,4,16,57
753,Aundrea,Widmoor,awidmoorkw@elpais.com,Female,Marketing,Senior Quality Engineer,231486,1,5,6,38
754,Lyndel,MacScherie,lmacscheriekx@xinhuanet.com,Female,Sales,Systems Administrator II,189820,3,3,12,57
755,Odele,Cuming,ocumingky@microsoft.com,Female,Services,Software Engineer I,205432,5,2,1,46
756,Stacy,Spykings,sspykingskz@spiegel.de,Female,Human Resources,Assistant Professor,172054,3,2,8,39
757,Marcile,Avon,mavonl0@noaa.gov,Female,Legal,Account Coordinator,193525,5,2,17,37
758,Fred,Lillegard,flillegardl1@slate.com,Female,Marketing,Computer Systems Analyst II,62712,5,4,3,44
759,Della,Volkers,dvolkersl2@fc2.com,Female,Research and Development,Accountant IV,207367,1,1,12,48
760,Denni,Frankland,dfranklandl3@imageshack.us,Female,Product Management,Sales Representative,58087,1,4,16,24
761,Herby,Bolingbroke,hbolingbrokel4@tamu.edu,Male,Legal,Account Representative I,40154,1,4,4,47
762,Anson,Eyckelberg,aeyckelbergl5@samsung.com,Male,Business Development,Compensation Analyst,250024,4,2,17,42
763,Allyson,Penketh,apenkethl6@nytimes.com,Female,Training,Sales Associate,153315,1,3,1,45
764,Angela,Manion,amanionl7@noaa.gov,Female,Marketing,Assistant Professor,63646,5,3,16,47
765,Kaile,Milmith,kmilmithl8@examiner.com,Female,Engineering,Project Manager,29350,4,1,18,33
766,Putnam,Huskisson,phuskissonl9@list-manage.com,Male,Business Development,Tax Accountant,166157,5,2,11,45
767,Bartholomeus,Bartali,bbartalila@msu.edu,Male,Support,Programmer Analyst I,224988,4,1,2,28
768,Hermon,Deshon,hdeshonlb@desdev.cn,Male,Services,Structural Engineer,51721,3,2,7,23
769,Harlan,Walling,hwallinglc@feedburner.com,Male,Accounting,Environmental Tech,128703,5,3,8,37
770,Almeria,Jose,ajoseld@wunderground.com,Female,Human Resources,Registered Nurse,128826,5,4,19,27
771,Paolo,Osgar,posgarle@printfriendly.com,Male,Sales,Product Engineer,112873,2,1,3,32
772,Cello,Bellows,cbellowslf@flickr.com,Male,Sales,Administrative Officer,238440,4,1,20,22
773,Bart,Bowskill,bbowskilllg@biglobe.ne.jp,Male,Legal,Account Coordinator,89187,5,2,19,37
774,Hadlee,Bugby,hbugbylh@over-blog.com,Male,Research and Development,Account Coordinator,133234,5,2,15,26
775,Brooke,Monteath,bmonteathli@elegantthemes.com,Male,Training,Assistant Manager,79205,2,3,10,39
776,Griff,Cary,gcarylj@techcrunch.com,Male,Engineering,Assistant Media Planner,262885,4,4,17,41
777,Alysia,Seleway,aselewaylk@zdnet.com,Female,Business Development,Account Representative IV,27124,1,5,14,37
778,Lin,Haselden,lhaseldenll@addtoany.com,Male,Accounting,Nuclear Power Engineer,129118,4,1,9,34
779,Gratia,Braunton,gbrauntonlm@skype.com,Female,Support,Legal Assistant,231647,1,3,8,56
780,Chico,Vannozzii,cvannozziiln@spotify.com,Male,Human Resources,Developer I,268277,3,2,10,31
781,Bailey,McCahill,bmccahilllo@cyberchimps.com,Male,Sales,Geological Engineer,244823,3,5,3,38
782,Starlin,Clamp,sclamplp@cornell.edu,Female,Business Development,Research Nurse,107011,2,3,13,48
783,Nananne,Labram,nlabramlq@ocn.ne.jp,Female,Legal,Nuclear Power Engineer,238902,4,5,12,39
784,Trudi,Joisce,tjoiscelr@jugem.jp,Female,Services,Information Systems Manager,181426,4,4,2,41
785,Inge,Eichmann,ieichmannls@dropbox.com,Female,Engineering,Safety Technician III,244362,5,1,16,21
786,Janine,Leinweber,jleinweberlt@cloudflare.com,Female,Support,Help Desk Operator,205131,2,3,7,55
787,Mara,Furby,mfurbylu@economist.com,Female,Accounting,Marketing Manager,95731,1,2,14,34
788,Lizzy,Rowth,lrowthlv@zimbio.com,Female,Accounting,Research Assistant III,148751,2,1,10,26
789,Christie,Menhci,cmenhcilw@sourceforge.net,Male,Business Development,Design Engineer,272804,1,2,16,53
790,Courtnay,Draysey,cdrayseylx@cafepress.com,Male,Human Resources,Paralegal,179972,4,4,5,48
791,Tracey,Palle,tpallely@twitter.com,Male,Engineering,Automation Specialist I,23741,4,4,6,22
792,Gualterio,Huet,ghuetlz@scientificamerican.com,Male,Product Management,Cost Accountant,227317,3,2,7,23
793,Albertine,Riley,arileym0@tinypic.com,Female,Engineering,Help Desk Technician,174681,5,2,10,56
794,Barrie,Aguirrezabala,baguirrezabalam1@surveymonkey.com,Female,Marketing,Nurse Practicioner,103983,1,1,8,43
795,Joelynn,Stoakes,jstoakesm2@godaddy.com,Female,Legal,Operator,141041,5,4,13,31
796,Nita,Stileman,nstilemanm3@wired.com,Female,Business Development,Design Engineer,222377,5,2,6,55
797,Salmon,Arderne,sardernem4@umich.edu,Male,Engineering,Help Desk Operator,241356,2,3,20,33
798,Fabiano,Darkins,fdarkinsm5@hubpages.com,Male,Engineering,Analog Circuit Design manager,109666,5,4,7,30
799,Hanny,Offill,hoffillm6@desdev.cn,Female,Training,Administrative Officer,177151,3,5,13,50
800,Giffie,Sweatland,gsweatlandm7@istockphoto.com,Male,Accounting,Systems Administrator II,240016,1,1,11,44
801,Ransom,Reijmers,rreijmersm8@multiply.com,Male,Services,Executive Secretary,75629,2,1,19,44
802,Ronnie,Spilling,rspillingm9@unc.edu,Male,Product Management,Senior Quality Engineer,22535,3,1,9,28
803,Nerty,Derell,nderellma@pagesperso-orange.fr,Female,Training,Chemical Engineer,206004,1,1,3,55
804,Gladi,Muggeridge,gmuggeridgemb@shinystat.com,Female,Product Management,Speech Pathologist,141854,2,5,15,29
805,Trevor,Coldicott,tcoldicottmc@google.ru,Male,Legal,Analyst Programmer,162381,1,2,2,53
806,Natale,Upfold,nupfoldmd@house.gov,Male,Training,Developer III,24086,2,3,1,30
807,Estrellita,Moye,emoyeme@gizmodo.com,Female,Services,Teacher,210209,5,2,13,42
808,Georgie,Dudding,gduddingmf@marketwatch.com,Female,Engineering,Payment Adjustment Coordinator,224918,1,3,12,27
809,Felipe,Meadowcraft,fmeadowcraftmg@joomla.org,Male,Marketing,Senior Cost Accountant,110278,3,4,17,27
810,Conant,Baylis,cbaylismh@tinyurl.com,Male,Product Management,Electrical Engineer,153755,5,2,7,34
811,Calypso,Orman,cormanmi@scientificamerican.com,Female,Product Management,Desktop Support Technician,205269,3,2,18,30
812,Artemis,Keeney,akeeneymj@soundcloud.com,Male,Sales,Staff Accountant II,236124,3,2,10,42
813,Nissa,Gniewosz,ngniewoszmk@ning.com,Female,Services,Automation Specialist III,147330,2,4,12,26
814,Evey,Brimman,ebrimmanml@wired.com,Female,Marketing,Account Executive,76452,5,5,18,49
815,Olvan,Devonshire,odevonshiremm@weather.com,Male,Engineering,Clinical Specialist,190754,2,3,12,57
816,Karil,Fonzone,kfonzonemn@example.com,Female,Support,Research Assistant I,110923,2,1,14,25
817,Perkin,Fuggles,pfugglesmo@umn.edu,Male,Research and Development,Programmer II,189437,5,5,2,31
818,Geoffry,Tabbernor,gtabbernormp@mlb.com,Male,Human Resources,Software Test Engineer III,221546,5,4,10,55
819,Koo,Cheer,kcheermq@cornell.edu,Female,Sales,Actuary,155086,1,3,8,58
820,Alva,Grimsdell,agrimsdellmr@list-manage.com,Male,Product Management,Pharmacist,42427,3,1,4,58
821,Stormie,Slainey,sslaineyms@apache.org,Female,Business Development,Structural Engineer,219995,5,2,15,52
822,Tierney,Leimster,tleimstermt@ehow.com,Female,Accounting,Internal Auditor,204820,1,1,1,43
823,Bogart,Le Monnier,blemonniermu@spotify.com,Male,Research and Development,Teacher,77000,2,3,13,54
824,Shaylyn,Horder,shordermv@npr.org,Female,Accounting,Recruiting Manager,172640,3,2,9,41
825,Carissa,Yurkiewicz,cyurkiewiczmw@de.vu,Female,Services,Geologist IV,191543,2,5,11,52
826,Clem,O'Donoghue,codonoghuemx@wsj.com,Male,Business Development,Geological Engineer,87513,2,3,17,48
827,Louella,Isham,lishammy@independent.co.uk,Female,Marketing,Business Systems Development Analyst,201812,1,5,3,40
828,Tarra,Bruniges,tbrunigesmz@ucla.edu,Female,Legal,Account Representative II,68915,3,5,17,27
829,Keelia,Gueinn,kgueinnn0@imdb.com,Female,Services,Teacher,23013,3,5,12,28
830,Ashleigh,McGiveen,amcgiveenn1@chronoengine.com,Female,Training,Nurse,129529,3,2,7,38
831,Hobard,Habble,hhabblen2@kickstarter.com,Male,Support,Senior Quality Engineer,61933,4,4,15,42
832,Guss,Grzegorecki,ggrzegoreckin3@sbwire.com,Male,Support,Paralegal,238833,1,5,18,44
833,Stavros,Reddlesden,sreddlesdenn4@independent.co.uk,Male,Accounting,Statistician IV,243697,5,4,3,33
834,Kathryn,Mcall,kmcalln5@yandex.ru,Female,Training,Administrative Officer,124443,1,1,19,39
835,Marietta,Ivasechko,mivasechkon6@myspace.com,Male,Product Management,Pharmacist,29542,5,5,10,29
836,Marcela,Swash,mswashn7@theguardian.com,Female,Training,Senior Cost Accountant,34433,2,2,11,27
837,Phillis,Cyseley,pcyseleyn8@typepad.com,Female,Sales,Mechanical Systems Engineer,228544,2,2,16,42
838,Joline,Dyett,jdyettn9@ezinearticles.com,Female,Support,Web Designer I,71260,5,3,17,55
839,Tommie,Doppler,tdopplerna@t.co,Female,Sales,Environmental Specialist,66764,2,2,17,36
840,Adrianna,Marie,amarienb@mail.ru,Female,Research and Development,Desktop Support Technician,198748,2,4,12,26
841,Gareth,Klimus,gklimusnc@ameblo.jp,Male,Services,Research Assistant II,178959,5,4,17,26
842,Aprilette,Sowrah,asowrahnd@weibo.com,Female,Services,Account Executive,216939,2,2,8,42
843,Hubert,Garvill,hgarvillne@artisteer.com,Male,Human Resources,Editor,214276,1,5,20,38
844,Alicia,Straffon,astraffonnf@pen.io,Female,Services,Product Engineer,184808,4,3,9,40
845,Ingram,Abramov,iabramovng@amazon.co.uk,Male,Research and Development,Senior Sales Associate,85247,4,4,6,40
846,Gerri,McCambridge,gmccambridgenh@amazon.co.jp,Male,Human Resources,Account Representative II,43009,4,4,18,50
847,Dell,Caistor,dcaistorni@dailymail.co.uk,Female,Business Development,Cost Accountant,131524,3,5,14,39
848,Gun,Pritchett,gpritchettnj@cdbaby.com,Male,Marketing,Account Coordinator,186881,3,5,17,40
849,Waylon,De Brett,wdebrettnk@pen.io,Male,Legal,Staff Scientist,93149,1,2,19,58
850,Roman,Da Costa,rdacostanl@rambler.ru,Male,Support,Mechanical Systems Engineer,101834,4,3,6,54
851,Tracy,Whittaker,twhittakernm@nsw.gov.au,Male,Accounting,VP Sales,28798,5,4,19,43
852,Sileas,Torres,storresnn@aboutads.info,Female,Training,Data Coordinator,197210,3,5,2,34
853,Deborah,Lindberg,dlindbergno@1und1.de,Female,Marketing,Automation Specialist IV,268728,2,2,15,49
854,Roldan,Cleare,rclearenp@tiny.cc,Male,Human Resources,Systems Administrator I,28510,4,3,11,38
855,Suzy,Guyonnet,sguyonnetnq@illinois.edu,Female,Human Resources,Software Consultant,84294,2,5,20,28
856,Flora,Nation,fnationnr@t.co,Female,Business Development,Quality Engineer,117455,2,3,7,58
857,Jamill,Sherlaw,jsherlawns@ebay.co.uk,Male,Marketing,Senior Developer,177760,1,1,19,48
858,Tim,Berkeley,tberkeleynt@guardian.co.uk,Male,Legal,Speech Pathologist,224897,1,3,16,35
859,Jarrad,Swalough,jswaloughnu@photobucket.com,Male,Business Development,VP Sales,44085,4,5,15,39
860,Lon,Rozycki,lrozyckinv@goo.gl,Male,Research and Development,Clinical Specialist,68502,3,1,17,33
861,Keriann,Iveans,kiveansnw@mashable.com,Female,Accounting,GIS Technical Architect,72269,3,5,5,44
862,Jayne,Crocetto,jcrocettonx@skyrock.com,Female,Product Management,Analyst Programmer,254324,3,5,3,43
863,Armin,Stourton,astourtonny@mac.com,Male,Business Development,Payment Adjustment Coordinator,183509,4,4,20,39
864,Pepi,Ilyuchyov,pilyuchyovnz@princeton.edu,Female,Marketing,Physical Therapy Assistant,190169,1,1,8,57
865,Barton,Emanuele,bemanueleo0@oracle.com,Male,Product Management,Tax Accountant,131075,1,5,14,58
866,Cary,Maccrae,cmaccraeo1@twitpic.com,Male,Marketing,GIS Technical Architect,185306,5,2,4,33
867,Marieann,Ellerbeck,mellerbecko2@howstuffworks.com,Female,Legal,Geologist III,123644,2,3,19,44
868,Say,Bagnal,sbagnalo3@blogspot.com,Male,Product Management,Senior Sales Associate,91553,5,1,4,39
869,Neilla,Casbolt,ncasbolto4@amazon.com,Female,Product Management,VP Product Management,275522,1,5,16,33
870,Devonna,Bener,dbenero5@skyrock.com,Female,Sales,VP Sales,142735,5,4,5,49
871,Jermain,Pickring,jpickringo6@domainmarket.com,Male,Services,Research Assistant II,227318,3,2,11,21
872,Ferd,Chesney,fchesneyo7@shinystat.com,Male,Training,Nuclear Power Engineer,251092,5,4,11,58
873,Glad,Hurran,ghurrano8@huffingtonpost.com,Female,Product Management,Chief Design Engineer,264171,3,5,16,35
874,Valentin,Drust,vdrusto9@bbc.co.uk,Male,Sales,Internal Auditor,191647,5,3,7,29
875,Ogdon,Diche,odicheoa@hhs.gov,Male,Product Management,Engineer I,58629,3,1,2,36
876,Milton,Goodier,mgoodierob@jigsy.com,Male,Human Resources,Automation Specialist IV,179570,3,2,8,35
877,Tania,Clackers,tclackersoc@hugedomains.com,Female,Product Management,Analyst Programmer,112778,5,5,4,41
878,Ettie,Climson,eclimsonod@ezinearticles.com,Female,Support,Director of Sales,33392,5,1,1,36
879,Alfons,Manby,amanbyoe@intel.com,Male,Legal,Nuclear Power Engineer,257375,4,4,5,48
880,Jessey,Sherrington,jsherringtonof@spiegel.de,Male,Legal,Research Assistant III,167042,1,1,20,54
881,Daniela,Itzchaky,ditzchakyog@clickbank.net,Female,Business Development,Human Resources Manager,160720,5,5,15,24
882,Ardenia,Abbots,aabbotsoh@friendfeed.com,Female,Legal,Social Worker,73662,4,1,14,47
883,Culver,Gawen,cgawenoi@drupal.org,Male,Engineering,GIS Technical Architect,178455,1,1,17,29
884,Bobine,Jaqueme,bjaquemeoj@goodreads.com,Female,Services,Dental Hygienist,240528,3,1,16,21
885,Marmaduke,Parradine,mparradineok@reddit.com,Male,Engineering,Human Resources Manager,169159,4,5,12,34
886,Kelsi,Tant,ktantol@army.mil,Female,Engineering,Web Designer III,261191,5,4,6,56
887,Alameda,Stent,astentom@barnesandnoble.com,Female,Product Management,Editor,253836,5,2,8,28
888,Estella,Hamflett,ehamfletton@storify.com,Female,Business Development,Software Test Engineer I,69914,4,3,3,23
889,Benito,Illyes,billyesoo@hugedomains.com,Male,Accounting,Account Coordinator,256648,4,4,6,22
890,Nadean,Havill,nhavillop@facebook.com,Female,Training,Project Manager,61429,4,2,16,42
891,Wendel,Kelwick,wkelwickoq@yellowbook.com,Male,Engineering,Human Resources Assistant I,93751,1,1,20,52
892,Vincent,Godrich,vgodrichor@goo.gl,Male,Training,Analog Circuit Design manager,255299,3,2,2,43
893,Davis,Gurdon,dgurdonos@deviantart.com,Male,Accounting,Technical Writer,223004,1,1,18,37
894,Thelma,Schirak,tschirakot@discuz.net,Female,Sales,Actuary,162771,5,1,9,52
895,Lettie,Alberts,lalbertsou@ucoz.com,Female,Services,Recruiting Manager,276992,4,5,6,35
896,Lida,Mulliss,lmullissov@npr.org,Female,Services,Business Systems Development Analyst,161079,3,2,18,38
897,Catrina,Sussex,csussexow@tinyurl.com,Female,Marketing,Nuclear Power Engineer,34456,2,5,10,31
898,Elianore,Duly,edulyox@cloudflare.com,Female,Marketing,Accountant I,193228,1,4,8,26
899,Dore,Monger,dmongeroy@cornell.edu,Female,Support,Developer IV,267506,3,5,20,32
900,Celie,Searl,csearloz@joomla.org,Female,Research and Development,Information Systems Manager,169765,2,3,6,24
901,Hillie,Roulston,hroulstonp0@vistaprint.com,Male,Product Management,Marketing Manager,32854,3,3,9,52
902,Ulla,McNamee,umcnameep1@google.com.br,Female,Engineering,Assistant Professor,243663,2,1,20,37
903,Corey,Riby,cribyp2@pcworld.com,Female,Services,Occupational Therapist,63370,3,3,3,22
904,Ellyn,Castanares,ecastanaresp3@rakuten.co.jp,Female,Legal,Senior Financial Analyst,23459,1,5,11,55
905,Wayne,Rous,wrousp4@mac.com,Male,Marketing,Statistician III,159575,4,5,4,57
906,Beau,Machel,bmachelp5@columbia.edu,Male,Product Management,Computer Systems Analyst III,214529,4,3,7,56
907,Jody,Hearty,jheartyp6@eventbrite.com,Male,Services,Director of Sales,30135,5,1,14,56
908,Dorrie,Davidwitz,ddavidwitzp7@timesonline.co.uk,Female,Product Management,Human Resources Manager,208820,2,3,15,41
909,Nikki,Porritt,nporrittp8@cyberchimps.com,Female,Training,Safety Technician IV,54210,4,4,16,55
910,Flint,Egentan,fegentanp9@berkeley.edu,Male,Marketing,Occupational Therapist,267320,5,2,8,25
911,Alvie,Henrych,ahenrychpa@va.gov,Male,Legal,Editor,223389,3,4,8,51
912,Bruno,Arkley,barkleypb@1und1.de,Male,Product Management,Senior Cost Accountant,260982,5,1,5,43
913,Dal,Flippen,dflippenpc@msu.edu,Male,Marketing,VP Quality Control,119407,2,3,9,45
914,Sheba,Winspear,swinspearpd@pagesperso-orange.fr,Female,Product Management,Physical Therapy Assistant,30586,1,3,6,43
915,Jocelyn,Tallant,jtallantpe@theglobeandmail.com,Female,Human Resources,Administrative Assistant I,105222,3,4,12,33
916,Ettie,Santon,esantonpf@twitpic.com,Female,Sales,Associate Professor,148355,1,5,11,49
917,Gavra,Polendine,gpolendinepg@marketwatch.com,Female,Product Management,Food Chemist,185465,2,2,18,32
918,Nadiya,Hamel,nhamelph@ted.com,Female,Human Resources,Research Associate,187449,3,5,18,23
919,Elijah,Traske,etraskepi@elegantthemes.com,Male,Research and Development,Research Associate,240383,4,4,16,58
920,Garold,Burkitt,gburkittpj@plala.or.jp,Male,Product Management,Software Engineer I,229959,1,1,1,56
921,Valencia,Spafford,vspaffordpk@baidu.com,Female,Marketing,Analog Circuit Design manager,125530,4,2,2,26
922,Millard,Gregh,mgreghpl@intel.com,Male,Legal,Marketing Assistant,263289,5,3,10,41
923,Charlot,Shilston,cshilstonpm@wunderground.com,Female,Accounting,Analyst Programmer,25502,4,1,8,49
924,Rosabel,Grumbridge,rgrumbridgepn@mlb.com,Female,Human Resources,Librarian,257370,2,1,15,54
925,Max,Jentet,mjentetpo@examiner.com,Female,Support,Help Desk Operator,92633,5,2,14,44
926,Mile,Greeve,mgreevepp@about.me,Male,Sales,Structural Engineer,23535,3,3,3,28
927,Cobby,Pittman,cpittmanpq@time.com,Male,Accounting,Geologist I,92929,5,5,6,43
928,Ashli,Gripton,agriptonpr@technorati.com,Female,Support,Software Consultant,209322,5,1,10,41
929,Zita,Lebel,zlebelps@artisteer.com,Female,Engineering,Civil Engineer,157085,3,5,3,44
930,Kaitlyn,Pacey,kpaceypt@networkadvertising.org,Female,Legal,Senior Developer,191102,1,3,9,51
931,Walliw,O'Reilly,woreillypu@parallels.com,Female,Services,Geologist II,28257,5,2,12,57
932,Boothe,Akerman,bakermanpv@dagondesign.com,Male,Sales,Teacher,60573,5,1,13,42
933,Lee,Masterman,lmastermanpw@cbslocal.com,Female,Marketing,Nurse Practicioner,150026,4,2,11,21
934,Gardiner,Livingstone,glivingstonepx@google.com.hk,Male,Human Resources,Software Consultant,163061,5,5,14,45
935,Pasquale,Unitt,punittpy@printfriendly.com,Male,Legal,Paralegal,54273,4,1,13,26
936,Agace,Zanetello,azanetellopz@posterous.com,Female,Training,Help Desk Technician,131695,5,4,17,21
937,Rodger,Irwin,rirwinq0@bizjournals.com,Male,Research and Development,Engineer I,149199,2,5,15,21
938,Colver,Dougharty,cdoughartyq1@hostgator.com,Male,Training,Professor,123654,5,5,17,32
939,Emmeline,Guyers,eguyersq2@sohu.com,Female,Sales,Research Nurse,131108,1,2,14,21
940,Charlena,La Grange,clagrangeq3@typepad.com,Female,Accounting,Structural Analysis Engineer,55936,3,1,3,27
941,Janot,Keneforde,jkenefordeq4@multiply.com,Female,Support,Registered Nurse,106276,2,2,19,50
942,Bentlee,Dutch,bdutchq5@java.com,Male,Legal,Sales Associate,86375,4,4,12,43
943,Niccolo,Gitsham,ngitshamq6@disqus.com,Male,Business Development,VP Quality Control,161687,4,4,13,25
944,Bryon,Kinset,bkinsetq7@yahoo.com,Male,Support,Sales Associate,26508,1,2,18,50
945,Manon,Smullen,msmullenq8@devhub.com,Female,Sales,Senior Financial Analyst,94927,1,4,19,34
946,Dillie,Hawkswood,dhawkswoodq9@sina.com.cn,Male,Human Resources,Accounting Assistant IV,90142,2,3,6,53
947,Justen,Ingray,jingrayqa@marketwatch.com,Male,Training,VP Sales,200333,5,3,6,29
948,Shirleen,Pennini,spenniniqb@istockphoto.com,Female,Research and Development,Financial Advisor,72411,3,5,18,45
949,Roderic,Batisse,rbatisseqc@walmart.com,Male,Business Development,Senior Sales Associate,110332,5,5,13,49
950,Eudora,Tallet,etalletqd@scientificamerican.com,Female,Legal,Accountant III,55230,4,1,8,50
951,Aurie,Healey,ahealeyqe@gnu.org,Female,Training,Programmer II,38243,3,3,1,55
952,Corny,Purcer,cpurcerqf@cbsnews.com,Male,Support,Automation Specialist IV,257620,2,3,19,50
953,Belita,Tatton,btattonqg@indiegogo.com,Female,Engineering,Payment Adjustment Coordinator,174394,5,4,1,43
954,Jilleen,Tithecott,jtithecottqh@scribd.com,Female,Services,Clinical Specialist,32444,2,1,18,39
955,Kev,St Quenin,kstqueninqi@altervista.org,Male,Engineering,Human Resources Manager,171569,4,2,10,55
956,Cristina,Fayter,cfayterqj@odnoklassniki.ru,Female,Human Resources,Information Systems Manager,231881,1,5,12,26
957,Anastasie,Spanswick,aspanswickqk@de.vu,Female,Business Development,Sales Associate,106850,3,3,14,36
958,Jada,Sawyers,jsawyersql@jigsy.com,Female,Human Resources,Software Test Engineer III,74389,1,5,6,58
959,Gabriello,Meritt,gmerittqm@geocities.jp,Male,Accounting,Operator,249705,5,1,5,45
960,Theresina,Grantham,tgranthamqn@zimbio.com,Female,Marketing,Developer II,256473,3,1,7,44
961,Luce,Ricold,lricoldqo@chronoengine.com,Female,Accounting,VP Quality Control,238832,5,5,1,29
962,Saxon,De Biaggi,sdebiaggiqp@time.com,Male,Legal,Accountant IV,93050,2,1,14,34
963,Deny,Densie,ddensieqq@skype.com,Female,Services,Systems Administrator II,110924,5,5,15,51
964,Torrance,Rodrigues,trodriguesqr@hatena.ne.jp,Male,Sales,Cost Accountant,220851,1,2,15,55
965,Malvin,Tipler,mtiplerqs@webs.com,Male,Research and Development,Nurse,172405,4,1,6,29
966,Philipa,Bibb,pbibbqt@creativecommons.org,Female,Product Management,Recruiting Manager,276906,5,1,12,56
967,Susann,Brislane,sbrislanequ@ask.com,Female,Services,Human Resources Assistant IV,224735,4,5,17,26
968,Toddy,Vidloc,tvidlocqv@naver.com,Male,Product Management,Quality Engineer,176197,4,2,5,27
969,Carina,Jennins,cjenninsqw@ustream.tv,Female,Business Development,Budget/Accounting Analyst III,154027,5,4,7,23
970,Ivar,Jonin,ijoninqx@berkeley.edu,Male,Sales,Operator,226708,5,4,12,33
971,Joanie,Montilla,jmontillaqy@furl.net,Female,Sales,Biostatistician IV,75048,3,2,15,36
972,Maryjane,Brinson,mbrinsonqz@cpanel.net,Female,Research and Development,Desktop Support Technician,204802,2,3,3,41
973,Carissa,Banham,cbanhamr0@icq.com,Female,Training,GIS Technical Architect,73378,4,4,16,23
974,Baldwin,Phaup,bphaupr1@narod.ru,Male,Training,Accountant IV,93908,2,1,16,53
975,Tani,Arpin,tarpinr2@myspace.com,Female,Engineering,Nuclear Power Engineer,91907,5,1,14,49
976,Kandy,Augustine,kaugustiner3@elpais.com,Female,Research and Development,Associate Professor,123497,3,5,13,43
977,Tamas,Rabbage,trabbager4@a8.net,Male,Marketing,GIS Technical Architect,194517,1,4,1,40
978,Dalt,Mazdon,dmazdonr5@reference.com,Male,Legal,Research Associate,171585,5,2,9,22
979,Jourdain,Runchman,jrunchmanr6@army.mil,Male,Product Management,Recruiter,34020,5,3,13,50
980,Bartolomeo,Hallex,bhallexr7@smugmug.com,Male,Support,Web Designer II,150396,2,1,20,44
981,Maddie,Jumel,mjumelr8@intel.com,Female,Training,Administrative Officer,40960,2,3,20,37
982,Deny,Gilluley,dgilluleyr9@irs.gov,Female,Accounting,Payment Adjustment Coordinator,67104,4,4,1,21
983,Pet,Kix,pkixra@dell.com,Female,Legal,Nurse,253988,3,3,5,46
984,Dav,Maxwale,dmaxwalerb@utexas.edu,Male,Legal,Community Outreach Specialist,176390,5,2,12,28
985,Christoph,Phillot,cphillotrc@google.com.br,Male,Business Development,Research Associate,142434,2,1,15,34
986,Becky,Davies,bdaviesrd@barnesandnoble.com,Female,Accounting,Help Desk Operator,172606,5,3,8,53
987,Dillon,Gurden,dgurdenre@narod.ru,Male,Training,Assistant Manager,157226,1,3,4,36
988,Whit,Haggie,whaggierf@nyu.edu,Male,Training,Assistant Professor,68985,3,4,4,34
989,Beverlie,LaBastida,blabastidarg@ca.gov,Female,Legal,Civil Engineer,181902,5,4,4,54
990,Corette,Robens,crobensrh@barnesandnoble.com,Female,Legal,Environmental Tech,45436,4,2,6,53
991,Morse,Fley,mfleyri@about.com,Male,Sales,Project Manager,132322,2,2,4,30
992,Andonis,McReedy,amcreedyrj@cnbc.com,Male,Services,Database Administrator III,148012,1,3,14,42
993,Garvey,McGillreich,gmcgillreichrk@patch.com,Male,Engineering,Marketing Manager,142772,2,1,8,22
994,Chicky,Barnard,cbarnardrl@guardian.co.uk,Male,Sales,Nurse Practicioner,155099,5,5,19,36
995,Bianca,Dockree,bdockreerm@boston.com,Female,Marketing,Desktop Support Technician,69357,3,1,6,40
996,Kellen,Vosse,kvossern@flavors.me,Female,Services,Analyst Programmer,169562,4,4,9,47
997,Rosella,O'Rodane,rorodanero@icq.com,Female,Services,Legal Assistant,190565,3,5,5,25
998,Frank,Thumnel,fthumnelrp@nymag.com,Male,Support,Product Engineer,144508,1,4,12,55
999,Edita,Peyto,epeytorq@homestead.com,Female,Accounting,Software Engineer III,143649,3,1,8,48
1000,Morton,Celler,mcellerrr@gov.uk,Male,Business Development,Product Engineer,75556,1,4,13,58
